{
  "results": {
    "balanced": {
      "claude_opus_4.5": {
        "sui": 0.4451111111111111,
        "tdr": 0.2,
        "reasoning": 1.0,
        "precision": 0.14444444444444443
      },
      "gpt-5.2": {
        "sui": 0.427955985915493,
        "tdr": 0.26666666666666666,
        "reasoning": 0.8125,
        "precision": 0.2112676056338028
      },
      "gemini_3_pro_preview": {
        "sui": 0.4584285714285714,
        "tdr": 0.3333333333333333,
        "reasoning": 0.8166666666666668,
        "precision": 0.23214285714285715
      },
      "grok_4": {
        "sui": 0.6434336078229542,
        "tdr": 0.44776119402985076,
        "reasoning": 0.9833333333333334,
        "precision": 0.503448275862069
      },
      "deepseek_v3.2": {
        "sui": 0.26422260273972603,
        "tdr": 0.13333333333333333,
        "reasoning": 0.625,
        "precision": 0.0410958904109589
      },
      "llama_3.1_405b": {
        "sui": 0.358968253968254,
        "tdr": 0.07142857142857142,
        "reasoning": 1.0,
        "precision": 0.015873015873015872
      }
    },
    "default": {
      "claude_opus_4.5": {
        "sui": 0.42333333333333334,
        "tdr": 0.2,
        "reasoning": 1.0,
        "precision": 0.14444444444444443
      },
      "gpt-5.2": {
        "sui": 0.41379694835680747,
        "tdr": 0.26666666666666666,
        "reasoning": 0.8125,
        "precision": 0.2112676056338028
      },
      "gemini_3_pro_preview": {
        "sui": 0.44797619047619053,
        "tdr": 0.3333333333333333,
        "reasoning": 0.8166666666666668,
        "precision": 0.23214285714285715
      },
      "grok_4": {
        "sui": 0.625138960370561,
        "tdr": 0.44776119402985076,
        "reasoning": 0.9833333333333334,
        "precision": 0.503448275862069
      },
      "deepseek_v3.2": {
        "sui": 0.253162100456621,
        "tdr": 0.13333333333333333,
        "reasoning": 0.625,
        "precision": 0.0410958904109589
      },
      "llama_3.1_405b": {
        "sui": 0.3333333333333333,
        "tdr": 0.07142857142857142,
        "reasoning": 1.0,
        "precision": 0.015873015873015872
      }
    },
    "quality_first": {
      "claude_opus_4.5": {
        "sui": 0.5033333333333333,
        "tdr": 0.2,
        "reasoning": 1.0,
        "precision": 0.14444444444444443
      },
      "gpt-5.2": {
        "sui": 0.4683802816901409,
        "tdr": 0.26666666666666666,
        "reasoning": 0.8125,
        "precision": 0.2112676056338028
      },
      "gemini_3_pro_preview": {
        "sui": 0.49630952380952387,
        "tdr": 0.3333333333333333,
        "reasoning": 0.8166666666666668,
        "precision": 0.23214285714285715
      },
      "grok_4": {
        "sui": 0.6786961743009092,
        "tdr": 0.44776119402985076,
        "reasoning": 0.9833333333333334,
        "precision": 0.503448275862069
      },
      "deepseek_v3.2": {
        "sui": 0.30232876712328766,
        "tdr": 0.13333333333333333,
        "reasoning": 0.625,
        "precision": 0.0410958904109589
      },
      "llama_3.1_405b": {
        "sui": 0.4261904761904762,
        "tdr": 0.07142857142857142,
        "reasoning": 1.0,
        "precision": 0.015873015873015872
      }
    },
    "precision_first": {
      "claude_opus_4.5": {
        "sui": 0.41777777777777775,
        "tdr": 0.2,
        "reasoning": 1.0,
        "precision": 0.14444444444444443
      },
      "gpt-5.2": {
        "sui": 0.4082570422535211,
        "tdr": 0.26666666666666666,
        "reasoning": 0.8125,
        "precision": 0.2112676056338028
      },
      "gemini_3_pro_preview": {
        "sui": 0.4378571428571429,
        "tdr": 0.3333333333333333,
        "reasoning": 0.8166666666666668,
        "precision": 0.23214285714285715
      },
      "grok_4": {
        "sui": 0.6307076685537828,
        "tdr": 0.44776119402985076,
        "reasoning": 0.9833333333333334,
        "precision": 0.503448275862069
      },
      "deepseek_v3.2": {
        "sui": 0.24393835616438356,
        "tdr": 0.13333333333333333,
        "reasoning": 0.625,
        "precision": 0.0410958904109589
      },
      "llama_3.1_405b": {
        "sui": 0.3277777777777777,
        "tdr": 0.07142857142857142,
        "reasoning": 1.0,
        "precision": 0.015873015873015872
      }
    },
    "detection_heavy": {
      "claude_opus_4.5": {
        "sui": 0.38611111111111107,
        "tdr": 0.2,
        "reasoning": 1.0,
        "precision": 0.14444444444444443
      },
      "gpt-5.2": {
        "sui": 0.389275234741784,
        "tdr": 0.26666666666666666,
        "reasoning": 0.8125,
        "precision": 0.2112676056338028
      },
      "gemini_3_pro_preview": {
        "sui": 0.42886904761904765,
        "tdr": 0.3333333333333333,
        "reasoning": 0.8166666666666668,
        "precision": 0.23214285714285715
      },
      "grok_4": {
        "sui": 0.5955759993137759,
        "tdr": 0.44776119402985076,
        "reasoning": 0.9833333333333334,
        "precision": 0.503448275862069
      },
      "deepseek_v3.2": {
        "sui": 0.23319063926940636,
        "tdr": 0.13333333333333333,
        "reasoning": 0.625,
        "precision": 0.0410958904109589
      },
      "llama_3.1_405b": {
        "sui": 0.28968253968253965,
        "tdr": 0.07142857142857142,
        "reasoning": 1.0,
        "precision": 0.015873015873015872
      }
    }
  },
  "rankings": {
    "balanced": [
      [
        "grok_4",
        1
      ],
      [
        "gemini_3_pro_preview",
        2
      ],
      [
        "claude_opus_4.5",
        3
      ],
      [
        "gpt-5.2",
        4
      ],
      [
        "llama_3.1_405b",
        5
      ],
      [
        "deepseek_v3.2",
        6
      ]
    ],
    "default": [
      [
        "grok_4",
        1
      ],
      [
        "gemini_3_pro_preview",
        2
      ],
      [
        "claude_opus_4.5",
        3
      ],
      [
        "gpt-5.2",
        4
      ],
      [
        "llama_3.1_405b",
        5
      ],
      [
        "deepseek_v3.2",
        6
      ]
    ],
    "quality_first": [
      [
        "grok_4",
        1
      ],
      [
        "claude_opus_4.5",
        2
      ],
      [
        "gemini_3_pro_preview",
        3
      ],
      [
        "gpt-5.2",
        4
      ],
      [
        "llama_3.1_405b",
        5
      ],
      [
        "deepseek_v3.2",
        6
      ]
    ],
    "precision_first": [
      [
        "grok_4",
        1
      ],
      [
        "gemini_3_pro_preview",
        2
      ],
      [
        "claude_opus_4.5",
        3
      ],
      [
        "gpt-5.2",
        4
      ],
      [
        "llama_3.1_405b",
        5
      ],
      [
        "deepseek_v3.2",
        6
      ]
    ],
    "detection_heavy": [
      [
        "grok_4",
        1
      ],
      [
        "gemini_3_pro_preview",
        2
      ],
      [
        "gpt-5.2",
        3
      ],
      [
        "claude_opus_4.5",
        4
      ],
      [
        "llama_3.1_405b",
        5
      ],
      [
        "deepseek_v3.2",
        6
      ]
    ]
  },
  "correlations": {
    "balanced_vs_default": 1.0,
    "balanced_vs_quality_first": 0.942857142857143,
    "balanced_vs_precision_first": 1.0,
    "balanced_vs_detection_heavy": 0.942857142857143,
    "default_vs_quality_first": 0.942857142857143,
    "default_vs_precision_first": 1.0,
    "default_vs_detection_heavy": 0.942857142857143,
    "quality_first_vs_precision_first": 0.942857142857143,
    "quality_first_vs_detection_heavy": 0.8285714285714287,
    "precision_first_vs_detection_heavy": 0.942857142857143
  },
  "summary_stats": {
    "avg_correlation": 0.9485714285714287,
    "std_correlation": 0.04746642207381752,
    "min_correlation": 0.8285714285714287,
    "max_correlation": 1.0
  }
}