{
  "dataset": "gs",
  "subset": "context_protocol_cot_adversarial",
  "judge": "codestral",
  "generated_at": "2026-01-06T00:30:48.253279+00:00",
  "total_models": 7,
  "model_rankings": [
    {
      "samples": 34,
      "target_found_count": 14,
      "target_detection_rate": 0.4117647058823529,
      "precision": 0.8529411764705882,
      "f1_score": 0.5554035567715458,
      "miss_rate": 0.5882352941176471,
      "samples_with_bonus": 24,
      "ancillary_discovery_rate": 0.7058823529411765,
      "verdict_correct_count": 33,
      "verdict_accuracy": 0.9705882352941176,
      "total_findings": 69,
      "avg_findings_per_sample": 2.0294117647058822,
      "true_positives": 58,
      "false_positives": 10,
      "invalid_finding_rate": 0.14492753623188406,
      "false_alarm_density": 0.29411764705882354,
      "avg_rcir": 0.9357142857142857,
      "avg_ava": 0.9357142857142857,
      "avg_fsv": 0.9214285714285715,
      "classification_counts": {
        "BONUS_VALID": 44,
        "TARGET_MATCH": 13,
        "HALLUCINATED": 10,
        "OUT_OF_SCOPE": 1,
        "PARTIAL_MATCH": 1
      },
      "type_match_distribution": {
        "semantic": 13,
        "wrong": 1
      },
      "detector": "gemini-3-pro",
      "rank": 1
    },
    {
      "samples": 34,
      "target_found_count": 13,
      "target_detection_rate": 0.38235294117647056,
      "precision": 0.8695652173913043,
      "f1_score": 0.5311542390194075,
      "miss_rate": 0.6176470588235294,
      "samples_with_bonus": 28,
      "ancillary_discovery_rate": 0.8235294117647058,
      "verdict_correct_count": 34,
      "verdict_accuracy": 1.0,
      "total_findings": 143,
      "avg_findings_per_sample": 4.205882352941177,
      "true_positives": 120,
      "false_positives": 18,
      "invalid_finding_rate": 0.1258741258741259,
      "false_alarm_density": 0.5294117647058824,
      "avg_rcir": 0.9230769230769231,
      "avg_ava": 0.9000000000000001,
      "avg_fsv": 0.8846153846153846,
      "classification_counts": {
        "BONUS_VALID": 104,
        "HALLUCINATED": 18,
        "OUT_OF_SCOPE": 1,
        "DESIGN_CHOICE": 3,
        "TARGET_MATCH": 13,
        "PARTIAL_MATCH": 3,
        "INFORMATIONAL": 1
      },
      "type_match_distribution": {
        "exact": 1,
        "semantic": 12
      },
      "detector": "claude-opus-4-5",
      "rank": 2
    },
    {
      "samples": 34,
      "target_found_count": 12,
      "target_detection_rate": 0.35294117647058826,
      "precision": 0.7166666666666667,
      "f1_score": 0.47296058661778195,
      "miss_rate": 0.6470588235294117,
      "samples_with_bonus": 22,
      "ancillary_discovery_rate": 0.6470588235294118,
      "verdict_correct_count": 34,
      "verdict_accuracy": 1.0,
      "total_findings": 125,
      "avg_findings_per_sample": 3.676470588235294,
      "true_positives": 86,
      "false_positives": 34,
      "invalid_finding_rate": 0.272,
      "false_alarm_density": 1.0,
      "avg_rcir": 0.9083333333333333,
      "avg_ava": 0.8833333333333333,
      "avg_fsv": 0.85,
      "classification_counts": {
        "BONUS_VALID": 74,
        "TARGET_MATCH": 10,
        "HALLUCINATED": 34,
        "PARTIAL_MATCH": 2,
        "INFORMATIONAL": 3,
        "DESIGN_CHOICE": 2
      },
      "type_match_distribution": {
        "semantic": 9,
        "wrong": 1,
        "partial": 1,
        "exact": 1
      },
      "detector": "deepseek-v3-2",
      "rank": 3
    },
    {
      "samples": 34,
      "target_found_count": 9,
      "target_detection_rate": 0.2647058823529412,
      "precision": 0.9139784946236559,
      "f1_score": 0.4105178427689831,
      "miss_rate": 0.7352941176470589,
      "samples_with_bonus": 31,
      "ancillary_discovery_rate": 0.9117647058823529,
      "verdict_correct_count": 32,
      "verdict_accuracy": 0.9411764705882353,
      "total_findings": 94,
      "avg_findings_per_sample": 2.764705882352941,
      "true_positives": 85,
      "false_positives": 8,
      "invalid_finding_rate": 0.0851063829787234,
      "false_alarm_density": 0.23529411764705882,
      "avg_rcir": 0.8777777777777778,
      "avg_ava": 0.8333333333333334,
      "avg_fsv": 0.8333333333333334,
      "classification_counts": {
        "TARGET_MATCH": 9,
        "BONUS_VALID": 76,
        "HALLUCINATED": 8,
        "OUT_OF_SCOPE": 1
      },
      "type_match_distribution": {
        "semantic": 7,
        "exact": 2
      },
      "detector": "gpt-5.2",
      "rank": 4
    },
    {
      "samples": 34,
      "target_found_count": 7,
      "target_detection_rate": 0.20588235294117646,
      "precision": 0.3263157894736842,
      "f1_score": 0.2524723676556137,
      "miss_rate": 0.7941176470588236,
      "samples_with_bonus": 10,
      "ancillary_discovery_rate": 0.29411764705882354,
      "verdict_correct_count": 34,
      "verdict_accuracy": 1.0,
      "total_findings": 95,
      "avg_findings_per_sample": 2.7941176470588234,
      "true_positives": 31,
      "false_positives": 64,
      "invalid_finding_rate": 0.6736842105263158,
      "false_alarm_density": 1.8823529411764706,
      "avg_rcir": 0.8714285714285716,
      "avg_ava": 0.8071428571428572,
      "avg_fsv": 0.7571428571428571,
      "classification_counts": {
        "HALLUCINATED": 62,
        "BONUS_VALID": 22,
        "PARTIAL_MATCH": 5,
        "TARGET_MATCH": 4,
        "MISCHARACTERIZED": 2
      },
      "type_match_distribution": {
        "semantic": 3,
        "wrong": 1,
        "partial": 2,
        "exact": 1
      },
      "detector": "qwen3-coder-plus",
      "rank": 5
    },
    {
      "samples": 34,
      "target_found_count": 5,
      "target_detection_rate": 0.14705882352941177,
      "precision": 0.6666666666666666,
      "f1_score": 0.24096385542168675,
      "miss_rate": 0.8529411764705882,
      "samples_with_bonus": 10,
      "ancillary_discovery_rate": 0.29411764705882354,
      "verdict_correct_count": 22,
      "verdict_accuracy": 0.6470588235294118,
      "total_findings": 50,
      "avg_findings_per_sample": 1.4705882352941178,
      "true_positives": 30,
      "false_positives": 15,
      "invalid_finding_rate": 0.3,
      "false_alarm_density": 0.4411764705882353,
      "avg_rcir": 0.9,
      "avg_ava": 0.8800000000000001,
      "avg_fsv": 0.8800000000000001,
      "classification_counts": {
        "BONUS_VALID": 25,
        "HALLUCINATED": 15,
        "TARGET_MATCH": 4,
        "INFORMATIONAL": 1,
        "PARTIAL_MATCH": 1,
        "OUT_OF_SCOPE": 4
      },
      "type_match_distribution": {
        "semantic": 4,
        "partial": 1
      },
      "detector": "grok-4-fast",
      "rank": 6
    },
    {
      "samples": 34,
      "target_found_count": 2,
      "target_detection_rate": 0.058823529411764705,
      "precision": 0.1282051282051282,
      "f1_score": 0.08064516129032258,
      "miss_rate": 0.9411764705882353,
      "samples_with_bonus": 2,
      "ancillary_discovery_rate": 0.058823529411764705,
      "verdict_correct_count": 29,
      "verdict_accuracy": 0.8529411764705882,
      "total_findings": 53,
      "avg_findings_per_sample": 1.5588235294117647,
      "true_positives": 5,
      "false_positives": 34,
      "invalid_finding_rate": 0.6415094339622641,
      "false_alarm_density": 1.0,
      "avg_rcir": 0.8500000000000001,
      "avg_ava": 0.75,
      "avg_fsv": 0.75,
      "classification_counts": {
        "HALLUCINATED": 34,
        "OUT_OF_SCOPE": 7,
        "DESIGN_CHOICE": 5,
        "INFORMATIONAL": 2,
        "BONUS_VALID": 3,
        "TARGET_MATCH": 1,
        "PARTIAL_MATCH": 1
      },
      "type_match_distribution": {
        "semantic": 1,
        "partial": 1
      },
      "detector": "llama-4-maverick",
      "rank": 7
    }
  ]
}