{
  "dataset": "gs",
  "subset": "context_protocol",
  "judge": "codestral",
  "generated_at": "2026-01-06T00:30:48.166295+00:00",
  "total_models": 7,
  "model_rankings": [
    {
      "samples": 34,
      "target_found_count": 12,
      "target_detection_rate": 0.35294117647058826,
      "precision": 0.9090909090909091,
      "f1_score": 0.5084745762711865,
      "miss_rate": 0.6470588235294117,
      "samples_with_bonus": 17,
      "ancillary_discovery_rate": 0.5,
      "verdict_correct_count": 24,
      "verdict_accuracy": 0.7058823529411765,
      "total_findings": 44,
      "avg_findings_per_sample": 1.2941176470588236,
      "true_positives": 40,
      "false_positives": 4,
      "invalid_finding_rate": 0.09090909090909091,
      "false_alarm_density": 0.11764705882352941,
      "avg_rcir": 0.9249999999999999,
      "avg_ava": 0.9249999999999999,
      "avg_fsv": 0.8916666666666666,
      "classification_counts": {
        "BONUS_VALID": 28,
        "TARGET_MATCH": 11,
        "HALLUCINATED": 4,
        "PARTIAL_MATCH": 1
      },
      "type_match_distribution": {
        "semantic": 10,
        "partial": 1,
        "exact": 1
      },
      "detector": "gemini-3-pro",
      "rank": 1
    },
    {
      "samples": 34,
      "target_found_count": 10,
      "target_detection_rate": 0.29411764705882354,
      "precision": 0.8888888888888888,
      "f1_score": 0.44198895027624313,
      "miss_rate": 0.7058823529411764,
      "samples_with_bonus": 26,
      "ancillary_discovery_rate": 0.7647058823529411,
      "verdict_correct_count": 30,
      "verdict_accuracy": 0.8823529411764706,
      "total_findings": 81,
      "avg_findings_per_sample": 2.3823529411764706,
      "true_positives": 72,
      "false_positives": 9,
      "invalid_finding_rate": 0.1111111111111111,
      "false_alarm_density": 0.2647058823529412,
      "avg_rcir": 0.89,
      "avg_ava": 0.86,
      "avg_fsv": 0.8300000000000001,
      "classification_counts": {
        "BONUS_VALID": 61,
        "TARGET_MATCH": 9,
        "PARTIAL_MATCH": 2,
        "HALLUCINATED": 9
      },
      "type_match_distribution": {
        "semantic": 9,
        "partial": 1
      },
      "detector": "claude-opus-4-5",
      "rank": 2
    },
    {
      "samples": 34,
      "target_found_count": 8,
      "target_detection_rate": 0.23529411764705882,
      "precision": 0.7083333333333334,
      "f1_score": 0.3532467532467533,
      "miss_rate": 0.7647058823529411,
      "samples_with_bonus": 7,
      "ancillary_discovery_rate": 0.20588235294117646,
      "verdict_correct_count": 21,
      "verdict_accuracy": 0.6176470588235294,
      "total_findings": 24,
      "avg_findings_per_sample": 0.7058823529411765,
      "true_positives": 17,
      "false_positives": 7,
      "invalid_finding_rate": 0.2916666666666667,
      "false_alarm_density": 0.20588235294117646,
      "avg_rcir": 0.8625,
      "avg_ava": 0.8625,
      "avg_fsv": 0.8125,
      "classification_counts": {
        "TARGET_MATCH": 6,
        "HALLUCINATED": 7,
        "PARTIAL_MATCH": 3,
        "BONUS_VALID": 8
      },
      "type_match_distribution": {
        "semantic": 6,
        "partial": 2
      },
      "detector": "gpt-5.2",
      "rank": 3
    },
    {
      "samples": 34,
      "target_found_count": 7,
      "target_detection_rate": 0.20588235294117646,
      "precision": 0.5789473684210527,
      "f1_score": 0.3037475345167653,
      "miss_rate": 0.7941176470588236,
      "samples_with_bonus": 9,
      "ancillary_discovery_rate": 0.2647058823529412,
      "verdict_correct_count": 24,
      "verdict_accuracy": 0.7058823529411765,
      "total_findings": 39,
      "avg_findings_per_sample": 1.1470588235294117,
      "true_positives": 22,
      "false_positives": 16,
      "invalid_finding_rate": 0.41025641025641024,
      "false_alarm_density": 0.47058823529411764,
      "avg_rcir": 0.8857142857142858,
      "avg_ava": 0.7928571428571428,
      "avg_fsv": 0.7571428571428571,
      "classification_counts": {
        "PARTIAL_MATCH": 3,
        "BONUS_VALID": 15,
        "HALLUCINATED": 16,
        "TARGET_MATCH": 4,
        "DESIGN_CHOICE": 1
      },
      "type_match_distribution": {
        "wrong": 2,
        "partial": 1,
        "semantic": 4
      },
      "detector": "qwen3-coder-plus",
      "rank": 4
    },
    {
      "samples": 34,
      "target_found_count": 6,
      "target_detection_rate": 0.17647058823529413,
      "precision": 0.6111111111111112,
      "f1_score": 0.27385892116182575,
      "miss_rate": 0.8235294117647058,
      "samples_with_bonus": 2,
      "ancillary_discovery_rate": 0.058823529411764705,
      "verdict_correct_count": 13,
      "verdict_accuracy": 0.38235294117647056,
      "total_findings": 18,
      "avg_findings_per_sample": 0.5294117647058824,
      "true_positives": 11,
      "false_positives": 7,
      "invalid_finding_rate": 0.3888888888888889,
      "false_alarm_density": 0.20588235294117646,
      "avg_rcir": 0.9333333333333332,
      "avg_ava": 0.9166666666666666,
      "avg_fsv": 0.85,
      "classification_counts": {
        "TARGET_MATCH": 3,
        "HALLUCINATED": 7,
        "BONUS_VALID": 5,
        "PARTIAL_MATCH": 3
      },
      "type_match_distribution": {
        "semantic": 3,
        "wrong": 3
      },
      "detector": "grok-4-fast",
      "rank": 5
    },
    {
      "samples": 34,
      "target_found_count": 5,
      "target_detection_rate": 0.14705882352941177,
      "precision": 0.5283018867924528,
      "f1_score": 0.23007395234182412,
      "miss_rate": 0.8529411764705882,
      "samples_with_bonus": 12,
      "ancillary_discovery_rate": 0.35294117647058826,
      "verdict_correct_count": 31,
      "verdict_accuracy": 0.9117647058823529,
      "total_findings": 53,
      "avg_findings_per_sample": 1.5588235294117647,
      "true_positives": 28,
      "false_positives": 25,
      "invalid_finding_rate": 0.4716981132075472,
      "false_alarm_density": 0.7352941176470589,
      "avg_rcir": 0.9,
      "avg_ava": 0.8400000000000001,
      "avg_fsv": 0.8,
      "classification_counts": {
        "TARGET_MATCH": 4,
        "HALLUCINATED": 23,
        "BONUS_VALID": 22,
        "PARTIAL_MATCH": 2,
        "MISCHARACTERIZED": 2
      },
      "type_match_distribution": {
        "semantic": 4,
        "partial": 1
      },
      "detector": "deepseek-v3-2",
      "rank": 6
    },
    {
      "samples": 34,
      "target_found_count": 5,
      "target_detection_rate": 0.14705882352941177,
      "precision": 0.39285714285714285,
      "f1_score": 0.21400778210116733,
      "miss_rate": 0.8529411764705882,
      "samples_with_bonus": 11,
      "ancillary_discovery_rate": 0.3235294117647059,
      "verdict_correct_count": 31,
      "verdict_accuracy": 0.9117647058823529,
      "total_findings": 66,
      "avg_findings_per_sample": 1.9411764705882353,
      "true_positives": 22,
      "false_positives": 34,
      "invalid_finding_rate": 0.5151515151515151,
      "false_alarm_density": 1.0,
      "avg_rcir": 0.8400000000000001,
      "avg_ava": 0.8400000000000001,
      "avg_fsv": 0.7,
      "classification_counts": {
        "HALLUCINATED": 32,
        "BONUS_VALID": 17,
        "MISCHARACTERIZED": 2,
        "TARGET_MATCH": 2,
        "OUT_OF_SCOPE": 3,
        "SECURITY_THEATER": 3,
        "PARTIAL_MATCH": 3,
        "DESIGN_CHOICE": 2,
        "INFORMATIONAL": 2
      },
      "type_match_distribution": {
        "semantic": 2,
        "wrong": 2,
        "partial": 1
      },
      "detector": "llama-4-maverick",
      "rank": 7
    }
  ]
}