{
  "dataset": "gs",
  "subset": "context_protocol_cot",
  "judge": "codestral",
  "generated_at": "2026-01-06T00:30:48.209308+00:00",
  "total_models": 7,
  "model_rankings": [
    {
      "samples": 34,
      "target_found_count": 11,
      "target_detection_rate": 0.3235294117647059,
      "precision": 0.7428571428571429,
      "f1_score": 0.45074862096138696,
      "miss_rate": 0.6764705882352942,
      "samples_with_bonus": 17,
      "ancillary_discovery_rate": 0.5,
      "verdict_correct_count": 28,
      "verdict_accuracy": 0.8235294117647058,
      "total_findings": 74,
      "avg_findings_per_sample": 2.176470588235294,
      "true_positives": 52,
      "false_positives": 18,
      "invalid_finding_rate": 0.24324324324324326,
      "false_alarm_density": 0.5294117647058824,
      "avg_rcir": 0.9090909090909091,
      "avg_ava": 0.890909090909091,
      "avg_fsv": 0.8181818181818182,
      "classification_counts": {
        "BONUS_VALID": 40,
        "TARGET_MATCH": 12,
        "HALLUCINATED": 18,
        "DESIGN_CHOICE": 2,
        "OUT_OF_SCOPE": 1,
        "INFORMATIONAL": 1
      },
      "type_match_distribution": {
        "semantic": 10,
        "exact": 1
      },
      "detector": "claude-opus-4-5",
      "rank": 1
    },
    {
      "samples": 34,
      "target_found_count": 10,
      "target_detection_rate": 0.29411764705882354,
      "precision": 0.6101694915254238,
      "f1_score": 0.39691289966923926,
      "miss_rate": 0.7058823529411764,
      "samples_with_bonus": 15,
      "ancillary_discovery_rate": 0.4411764705882353,
      "verdict_correct_count": 32,
      "verdict_accuracy": 0.9411764705882353,
      "total_findings": 60,
      "avg_findings_per_sample": 1.7647058823529411,
      "true_positives": 36,
      "false_positives": 23,
      "invalid_finding_rate": 0.38333333333333336,
      "false_alarm_density": 0.6764705882352942,
      "avg_rcir": 0.9099999999999999,
      "avg_ava": 0.8800000000000001,
      "avg_fsv": 0.82,
      "classification_counts": {
        "TARGET_MATCH": 5,
        "BONUS_VALID": 25,
        "INFORMATIONAL": 1,
        "HALLUCINATED": 23,
        "PARTIAL_MATCH": 6
      },
      "type_match_distribution": {
        "semantic": 4,
        "exact": 1,
        "partial": 2,
        "wrong": 3
      },
      "detector": "deepseek-v3-2",
      "rank": 2
    },
    {
      "samples": 34,
      "target_found_count": 9,
      "target_detection_rate": 0.2647058823529412,
      "precision": 0.8936170212765957,
      "f1_score": 0.40842787682333875,
      "miss_rate": 0.7352941176470589,
      "samples_with_bonus": 16,
      "ancillary_discovery_rate": 0.47058823529411764,
      "verdict_correct_count": 26,
      "verdict_accuracy": 0.7647058823529411,
      "total_findings": 47,
      "avg_findings_per_sample": 1.3823529411764706,
      "true_positives": 42,
      "false_positives": 5,
      "invalid_finding_rate": 0.10638297872340426,
      "false_alarm_density": 0.14705882352941177,
      "avg_rcir": 0.911111111111111,
      "avg_ava": 0.8999999999999999,
      "avg_fsv": 0.911111111111111,
      "classification_counts": {
        "BONUS_VALID": 33,
        "TARGET_MATCH": 8,
        "MISCHARACTERIZED": 1,
        "HALLUCINATED": 4,
        "PARTIAL_MATCH": 1
      },
      "type_match_distribution": {
        "semantic": 7,
        "exact": 1,
        "wrong": 1
      },
      "detector": "gemini-3-pro",
      "rank": 3
    },
    {
      "samples": 34,
      "target_found_count": 9,
      "target_detection_rate": 0.2647058823529412,
      "precision": 0.7777777777777778,
      "f1_score": 0.3949843260188088,
      "miss_rate": 0.7352941176470589,
      "samples_with_bonus": 11,
      "ancillary_discovery_rate": 0.3235294117647059,
      "verdict_correct_count": 22,
      "verdict_accuracy": 0.6470588235294118,
      "total_findings": 27,
      "avg_findings_per_sample": 0.7941176470588235,
      "true_positives": 21,
      "false_positives": 6,
      "invalid_finding_rate": 0.2222222222222222,
      "false_alarm_density": 0.17647058823529413,
      "avg_rcir": 0.8444444444444446,
      "avg_ava": 0.8333333333333334,
      "avg_fsv": 0.7666666666666667,
      "classification_counts": {
        "PARTIAL_MATCH": 3,
        "BONUS_VALID": 12,
        "HALLUCINATED": 6,
        "TARGET_MATCH": 6
      },
      "type_match_distribution": {
        "wrong": 1,
        "partial": 2,
        "semantic": 6
      },
      "detector": "gpt-5.2",
      "rank": 4
    },
    {
      "samples": 34,
      "target_found_count": 9,
      "target_detection_rate": 0.2647058823529412,
      "precision": 0.5490196078431373,
      "f1_score": 0.3571934798015592,
      "miss_rate": 0.7352941176470589,
      "samples_with_bonus": 10,
      "ancillary_discovery_rate": 0.29411764705882354,
      "verdict_correct_count": 29,
      "verdict_accuracy": 0.8529411764705882,
      "total_findings": 52,
      "avg_findings_per_sample": 1.5294117647058822,
      "true_positives": 28,
      "false_positives": 23,
      "invalid_finding_rate": 0.4423076923076923,
      "false_alarm_density": 0.6764705882352942,
      "avg_rcir": 0.8666666666666667,
      "avg_ava": 0.8222222222222223,
      "avg_fsv": 0.7555555555555555,
      "classification_counts": {
        "HALLUCINATED": 23,
        "BONUS_VALID": 18,
        "PARTIAL_MATCH": 4,
        "TARGET_MATCH": 6,
        "DESIGN_CHOICE": 1
      },
      "type_match_distribution": {
        "partial": 2,
        "semantic": 6,
        "wrong": 1
      },
      "detector": "qwen3-coder-plus",
      "rank": 5
    },
    {
      "samples": 34,
      "target_found_count": 8,
      "target_detection_rate": 0.23529411764705882,
      "precision": 0.2542372881355932,
      "f1_score": 0.24439918533604887,
      "miss_rate": 0.7647058823529411,
      "samples_with_bonus": 5,
      "ancillary_discovery_rate": 0.14705882352941177,
      "verdict_correct_count": 31,
      "verdict_accuracy": 0.9117647058823529,
      "total_findings": 66,
      "avg_findings_per_sample": 1.9411764705882353,
      "true_positives": 15,
      "false_positives": 44,
      "invalid_finding_rate": 0.6666666666666666,
      "false_alarm_density": 1.2941176470588236,
      "avg_rcir": 0.875,
      "avg_ava": 0.8500000000000001,
      "avg_fsv": 0.7875,
      "classification_counts": {
        "HALLUCINATED": 44,
        "DESIGN_CHOICE": 4,
        "BONUS_VALID": 6,
        "PARTIAL_MATCH": 4,
        "OUT_OF_SCOPE": 1,
        "INFORMATIONAL": 2,
        "TARGET_MATCH": 5
      },
      "type_match_distribution": {
        "semantic": 5,
        "partial": 1,
        "wrong": 2
      },
      "detector": "llama-4-maverick",
      "rank": 6
    },
    {
      "samples": 34,
      "target_found_count": 5,
      "target_detection_rate": 0.14705882352941177,
      "precision": 0.631578947368421,
      "f1_score": 0.2385685884691849,
      "miss_rate": 0.8529411764705882,
      "samples_with_bonus": 5,
      "ancillary_discovery_rate": 0.14705882352941177,
      "verdict_correct_count": 14,
      "verdict_accuracy": 0.4117647058823529,
      "total_findings": 19,
      "avg_findings_per_sample": 0.5588235294117647,
      "true_positives": 12,
      "false_positives": 7,
      "invalid_finding_rate": 0.3684210526315789,
      "false_alarm_density": 0.20588235294117646,
      "avg_rcir": 0.9,
      "avg_ava": 0.9,
      "avg_fsv": 0.86,
      "classification_counts": {
        "BONUS_VALID": 7,
        "HALLUCINATED": 7,
        "PARTIAL_MATCH": 2,
        "TARGET_MATCH": 3
      },
      "type_match_distribution": {
        "partial": 1,
        "semantic": 3,
        "wrong": 1
      },
      "detector": "grok-4-fast",
      "rank": 7
    }
  ]
}