{
  "dataset": "gs",
  "subset": "context_protocol_cot_naturalistic",
  "judge": "codestral",
  "generated_at": "2026-01-06T00:30:48.294492+00:00",
  "total_models": 7,
  "model_rankings": [
    {
      "samples": 34,
      "target_found_count": 13,
      "target_detection_rate": 0.38235294117647056,
      "precision": 0.9246575342465754,
      "f1_score": 0.5409987669543773,
      "miss_rate": 0.6176470588235294,
      "samples_with_bonus": 30,
      "ancillary_discovery_rate": 0.8823529411764706,
      "verdict_correct_count": 33,
      "verdict_accuracy": 0.9705882352941176,
      "total_findings": 161,
      "avg_findings_per_sample": 4.735294117647059,
      "true_positives": 135,
      "false_positives": 11,
      "invalid_finding_rate": 0.06832298136645963,
      "false_alarm_density": 0.3235294117647059,
      "avg_rcir": 0.8846153846153846,
      "avg_ava": 0.8538461538461538,
      "avg_fsv": 0.8461538461538461,
      "classification_counts": {
        "TARGET_MATCH": 12,
        "BONUS_VALID": 121,
        "INFORMATIONAL": 6,
        "HALLUCINATED": 11,
        "PARTIAL_MATCH": 2,
        "DESIGN_CHOICE": 9
      },
      "type_match_distribution": {
        "semantic": 10,
        "exact": 3
      },
      "detector": "gpt-5.2",
      "rank": 1
    },
    {
      "samples": 34,
      "target_found_count": 12,
      "target_detection_rate": 0.35294117647058826,
      "precision": 0.9146341463414634,
      "f1_score": 0.5093378607809849,
      "miss_rate": 0.6470588235294117,
      "samples_with_bonus": 26,
      "ancillary_discovery_rate": 0.7647058823529411,
      "verdict_correct_count": 31,
      "verdict_accuracy": 0.9117647058823529,
      "total_findings": 85,
      "avg_findings_per_sample": 2.5,
      "true_positives": 75,
      "false_positives": 7,
      "invalid_finding_rate": 0.08235294117647059,
      "false_alarm_density": 0.20588235294117646,
      "avg_rcir": 0.9083333333333333,
      "avg_ava": 0.8958333333333334,
      "avg_fsv": 0.8583333333333334,
      "classification_counts": {
        "BONUS_VALID": 61,
        "TARGET_MATCH": 11,
        "HALLUCINATED": 7,
        "PARTIAL_MATCH": 3,
        "INFORMATIONAL": 1,
        "OUT_OF_SCOPE": 2
      },
      "type_match_distribution": {
        "semantic": 9,
        "partial": 2,
        "exact": 1
      },
      "detector": "gemini-3-pro",
      "rank": 2
    },
    {
      "samples": 34,
      "target_found_count": 10,
      "target_detection_rate": 0.29411764705882354,
      "precision": 0.5528455284552846,
      "f1_score": 0.3839638622247318,
      "miss_rate": 0.7058823529411764,
      "samples_with_bonus": 15,
      "ancillary_discovery_rate": 0.4411764705882353,
      "verdict_correct_count": 34,
      "verdict_accuracy": 1.0,
      "total_findings": 142,
      "avg_findings_per_sample": 4.176470588235294,
      "true_positives": 68,
      "false_positives": 55,
      "invalid_finding_rate": 0.3873239436619718,
      "false_alarm_density": 1.6176470588235294,
      "avg_rcir": 0.8700000000000001,
      "avg_ava": 0.8300000000000001,
      "avg_fsv": 0.8200000000000001,
      "classification_counts": {
        "BONUS_VALID": 56,
        "TARGET_MATCH": 9,
        "OUT_OF_SCOPE": 8,
        "HALLUCINATED": 52,
        "INFORMATIONAL": 4,
        "DESIGN_CHOICE": 5,
        "MISCHARACTERIZED": 3,
        "PARTIAL_MATCH": 3,
        "SECURITY_THEATER": 2
      },
      "type_match_distribution": {
        "semantic": 8,
        "partial": 2
      },
      "detector": "qwen3-coder-plus",
      "rank": 3
    },
    {
      "samples": 34,
      "target_found_count": 9,
      "target_detection_rate": 0.2647058823529412,
      "precision": 0.5886524822695035,
      "f1_score": 0.36519188462478613,
      "miss_rate": 0.7352941176470589,
      "samples_with_bonus": 17,
      "ancillary_discovery_rate": 0.5,
      "verdict_correct_count": 32,
      "verdict_accuracy": 0.9411764705882353,
      "total_findings": 155,
      "avg_findings_per_sample": 4.5588235294117645,
      "true_positives": 83,
      "false_positives": 58,
      "invalid_finding_rate": 0.3741935483870968,
      "false_alarm_density": 1.7058823529411764,
      "avg_rcir": 0.8777777777777778,
      "avg_ava": 0.8388888888888889,
      "avg_fsv": 0.8666666666666667,
      "classification_counts": {
        "BONUS_VALID": 74,
        "TARGET_MATCH": 8,
        "HALLUCINATED": 58,
        "INFORMATIONAL": 5,
        "DESIGN_CHOICE": 7,
        "SECURITY_THEATER": 1,
        "OUT_OF_SCOPE": 1,
        "PARTIAL_MATCH": 1
      },
      "type_match_distribution": {
        "semantic": 8,
        "partial": 1
      },
      "detector": "deepseek-v3-2",
      "rank": 4
    },
    {
      "samples": 34,
      "target_found_count": 7,
      "target_detection_rate": 0.20588235294117646,
      "precision": 0.8651685393258427,
      "f1_score": 0.33261339092872566,
      "miss_rate": 0.7941176470588236,
      "samples_with_bonus": 21,
      "ancillary_discovery_rate": 0.6176470588235294,
      "verdict_correct_count": 27,
      "verdict_accuracy": 0.7941176470588235,
      "total_findings": 112,
      "avg_findings_per_sample": 3.2941176470588234,
      "true_positives": 77,
      "false_positives": 12,
      "invalid_finding_rate": 0.10714285714285714,
      "false_alarm_density": 0.35294117647058826,
      "avg_rcir": 0.9142857142857144,
      "avg_ava": 0.9,
      "avg_fsv": 0.8714285714285716,
      "classification_counts": {
        "BONUS_VALID": 68,
        "INFORMATIONAL": 10,
        "OUT_OF_SCOPE": 5,
        "TARGET_MATCH": 7,
        "HALLUCINATED": 12,
        "DESIGN_CHOICE": 6,
        "PARTIAL_MATCH": 2,
        "SECURITY_THEATER": 2
      },
      "type_match_distribution": {
        "exact": 1,
        "semantic": 6
      },
      "detector": "claude-opus-4-5",
      "rank": 5
    },
    {
      "samples": 34,
      "target_found_count": 5,
      "target_detection_rate": 0.14705882352941177,
      "precision": 0.9333333333333333,
      "f1_score": 0.25408348457350277,
      "miss_rate": 0.8529411764705882,
      "samples_with_bonus": 17,
      "ancillary_discovery_rate": 0.5,
      "verdict_correct_count": 22,
      "verdict_accuracy": 0.6470588235294118,
      "total_findings": 99,
      "avg_findings_per_sample": 2.911764705882353,
      "true_positives": 70,
      "false_positives": 5,
      "invalid_finding_rate": 0.050505050505050504,
      "false_alarm_density": 0.14705882352941177,
      "avg_rcir": 0.9199999999999999,
      "avg_ava": 0.8800000000000001,
      "avg_fsv": 0.8800000000000001,
      "classification_counts": {
        "TARGET_MATCH": 5,
        "BONUS_VALID": 63,
        "INFORMATIONAL": 15,
        "DESIGN_CHOICE": 8,
        "MISCHARACTERIZED": 1,
        "HALLUCINATED": 4,
        "PARTIAL_MATCH": 2,
        "SECURITY_THEATER": 1
      },
      "type_match_distribution": {
        "semantic": 5
      },
      "detector": "grok-4-fast",
      "rank": 6
    },
    {
      "samples": 34,
      "target_found_count": 1,
      "target_detection_rate": 0.029411764705882353,
      "precision": 0.375,
      "f1_score": 0.05454545454545454,
      "miss_rate": 0.9705882352941176,
      "samples_with_bonus": 1,
      "ancillary_discovery_rate": 0.029411764705882353,
      "verdict_correct_count": 13,
      "verdict_accuracy": 0.38235294117647056,
      "total_findings": 65,
      "avg_findings_per_sample": 1.911764705882353,
      "true_positives": 6,
      "false_positives": 10,
      "invalid_finding_rate": 0.15384615384615385,
      "false_alarm_density": 0.29411764705882354,
      "avg_rcir": 0.9,
      "avg_ava": 0.8,
      "avg_fsv": 0.7,
      "classification_counts": {
        "OUT_OF_SCOPE": 15,
        "INFORMATIONAL": 18,
        "HALLUCINATED": 7,
        "DESIGN_CHOICE": 14,
        "SECURITY_THEATER": 2,
        "BONUS_VALID": 2,
        "PARTIAL_MATCH": 3,
        "MISCHARACTERIZED": 3,
        "TARGET_MATCH": 1
      },