{
  "dataset": "gs",
  "subset": "direct",
  "judge": "codestral",
  "generated_at": "2026-01-06T00:30:48.098401+00:00",
  "total_models": 7,
  "model_rankings": [
    {
      "samples": 34,
      "target_found_count": 10,
      "target_detection_rate": 0.29411764705882354,
      "precision": 0.6923076923076923,
      "f1_score": 0.4128440366972477,
      "miss_rate": 0.7058823529411764,
      "samples_with_bonus": 13,
      "ancillary_discovery_rate": 0.38235294117647056,
      "verdict_correct_count": 28,
      "verdict_accuracy": 0.8235294117647058,
      "total_findings": 39,
      "avg_findings_per_sample": 1.1470588235294117,
      "true_positives": 27,
      "false_positives": 12,
      "invalid_finding_rate": 0.3076923076923077,
      "false_alarm_density": 0.35294117647058826,
      "avg_rcir": 0.9099999999999999,
      "avg_ava": 0.9,
      "avg_fsv": 0.85,
      "classification_counts": {
        "TARGET_MATCH": 8,
        "BONUS_VALID": 17,
        "HALLUCINATED": 12,
        "PARTIAL_MATCH": 2
      },
      "type_match_distribution": {
        "semantic": 8,
        "wrong": 2
      },
      "detector": "gemini-3-pro-hyper-extended",
      "rank": 1
    },
    {
      "samples": 34,
      "target_found_count": 6,
      "target_detection_rate": 0.17647058823529413,
      "precision": 0.8392857142857143,
      "f1_score": 0.29162357807652534,
      "miss_rate": 0.8235294117647058,
      "samples_with_bonus": 20,
      "ancillary_discovery_rate": 0.5882352941176471,
      "verdict_correct_count": 23,
      "verdict_accuracy": 0.6764705882352942,
      "total_findings": 56,
      "avg_findings_per_sample": 1.6470588235294117,
      "true_positives": 47,
      "false_positives": 9,
      "invalid_finding_rate": 0.16071428571428573,
      "false_alarm_density": 0.2647058823529412,
      "avg_rcir": 0.8833333333333333,
      "avg_ava": 0.85,
      "avg_fsv": 0.7833333333333333,
      "classification_counts": {
        "BONUS_VALID": 40,
        "PARTIAL_MATCH": 1,
        "HALLUCINATED": 9,
        "TARGET_MATCH": 6
      },
      "type_match_distribution": {
        "wrong": 1,
        "semantic": 5
      },
      "detector": "claude-opus-4-5",
      "rank": 2
    },
    {
      "samples": 34,
      "target_found_count": 5,
      "target_detection_rate": 0.14705882352941177,
      "precision": 0.7058823529411765,
      "f1_score": 0.2434077079107505,
      "miss_rate": 0.8529411764705882,
      "samples_with_bonus": 6,
      "ancillary_discovery_rate": 0.17647058823529413,
      "verdict_correct_count": 15,
      "verdict_accuracy": 0.4411764705882353,
      "total_findings": 17,
      "avg_findings_per_sample": 0.5,
      "true_positives": 12,
      "false_positives": 5,
      "invalid_finding_rate": 0.29411764705882354,
      "false_alarm_density": 0.14705882352941177,
      "avg_rcir": 0.9,
      "avg_ava": 0.8699999999999999,
      "avg_fsv": 0.8400000000000001,
      "classification_counts": {
        "TARGET_MATCH": 4,
        "BONUS_VALID": 7,
        "HALLUCINATED": 5,
        "PARTIAL_MATCH": 1
      },
      "type_match_distribution": {
        "semantic": 4,
        "wrong": 1
      },
      "detector": "gpt-5.2",
      "rank": 3
    },
    {
      "samples": 34,
      "target_found_count": 4,
      "target_detection_rate": 0.11764705882352941,
      "precision": 0.48717948717948717,
      "f1_score": 0.18952618453865336,
      "miss_rate": 0.8823529411764706,
      "samples_with_bonus": 10,
      "ancillary_discovery_rate": 0.29411764705882354,
      "verdict_correct_count": 26,
      "verdict_accuracy": 0.7647058823529411,
      "total_findings": 42,
      "avg_findings_per_sample": 1.2352941176470589,
      "true_positives": 19,
      "false_positives": 20,
      "invalid_finding_rate": 0.47619047619047616,
      "false_alarm_density": 0.5882352941176471,
      "avg_rcir": 0.85,
      "avg_ava": 0.8500000000000001,
      "avg_fsv": 0.85,
      "classification_counts": {
        "TARGET_MATCH": 1,
        "BONUS_VALID": 15,
        "DESIGN_CHOICE": 1,
        "PARTIAL_MATCH": 3,
        "HALLUCINATED": 20,
        "OUT_OF_SCOPE": 2
      },
      "type_match_distribution": {
        "semantic": 1,
        "partial": 2,
        "wrong": 1
      },
      "detector": "deepseek-v3-2",
      "rank": 4
    },
    {
      "samples": 34,
      "target_found_count": 4,
      "target_detection_rate": 0.11764705882352941,
      "precision": 0.3111111111111111,
      "f1_score": 0.17073170731707316,
      "miss_rate": 0.8823529411764706,
      "samples_with_bonus": 6,
      "ancillary_discovery_rate": 0.17647058823529413,
      "verdict_correct_count": 26,
      "verdict_accuracy": 0.7647058823529411,
      "total_findings": 47,
      "avg_findings_per_sample": 1.3823529411764706,
      "true_positives": 14,
      "false_positives": 31,
      "invalid_finding_rate": 0.6595744680851063,
      "false_alarm_density": 0.9117647058823529,
      "avg_rcir": 0.8500000000000001,
      "avg_ava": 0.8,
      "avg_fsv": 0.725,
      "classification_counts": {
        "HALLUCINATED": 31,
        "BONUS_VALID": 10,
        "TARGET_MATCH": 3,
        "DESIGN_CHOICE": 2,
        "PARTIAL_MATCH": 1
      },
      "type_match_distribution": {
        "semantic": 3,
        "partial": 1
      },
      "detector": "llama-4-maverick",
      "rank": 5
    },
    {
      "samples": 34,
      "target_found_count": 1,
      "target_detection_rate": 0.029411764705882353,
      "precision": 0.375,
      "f1_score": 0.05454545454545454,
      "miss_rate": 0.9705882352941176,
      "samples_with_bonus": 1,
      "ancillary_discovery_rate": 0.029411764705882353,
      "verdict_correct_count": 7,
      "verdict_accuracy": 0.20588235294117646,
      "total_findings": 8,
      "avg_findings_per_sample": 0.23529411764705882,
      "true_positives": 3,
      "false_positives": 5,
      "invalid_finding_rate": 0.625,
      "false_alarm_density": 0.14705882352941177,
      "avg_rcir": 0.8,
      "avg_ava": 0.8,
      "avg_fsv": 0.7,
      "classification_counts": {
        "BONUS_VALID": 2,
        "PARTIAL_MATCH": 1,
        "HALLUCINATED": 4,
        "MISCHARACTERIZED": 1
      },
      "type_match_distribution": {
        "partial": 1
      },
      "detector": "grok-4-fast",
      "rank": 6
    },
    {
      "samples": 34,
      "target_found_count": 0,
      "target_detection_rate": 0.0,
      "precision": 0.4166666666666667,
      "f1_score": 0.0,
      "miss_rate": 1.0,
      "samples_with_bonus": 5,
      "ancillary_discovery_rate": 0.14705882352941177,
      "verdict_correct_count": 17,
      "verdict_accuracy": 0.5,
      "total_findings": 24,
      "avg_findings_per_sample": 0.7058823529411765,
      "true_positives": 10,
      "false_positives": 14,
      "invalid_finding_rate": 0.5833333333333334,
      "false_alarm_density": 0.4117647058823529,
      "avg_rcir": null,
      "avg_ava": null,
      "avg_fsv": null,
      "classification_counts": {
        "BONUS_VALID": 10,
        "HALLUCINATED": 14
      },
      "type_match_distribution": {},
      "detector": "qwen3-coder-plus",
      "rank": 7
    }
  ]
}