{
  "subset": "Temporal Contamination",
  "results": {
    "balanced": {
      "claude_opus_4.5": {
        "sui": 0.7805555555555556,
        "tdr": 0.45,
        "reasoning": 0.9537037037037037,
        "precision": 0.9333333333333332,
        "num_samples": 20
      },
      "gpt-5.2": {
        "sui": 0.7931250000000001,
        "tdr": 0.6,
        "reasoning": 0.9791666666666666,
        "precision": 0.8,
        "num_samples": 20
      },
      "gemini_3_pro_preview": {
        "sui": 0.8033245614035088,
        "tdr": 0.5263157894736842,
        "reasoning": 0.95,
        "precision": 0.9298245614035089,
        "num_samples": 19
      },
      "grok_4": {
        "sui": 0.7184444444444444,
        "tdr": 0.45,
        "reasoning": 0.9629629629629629,
        "precision": 0.7416666666666666,
        "num_samples": 20
      },
      "deepseek_v3.2": {
        "sui": 0.7223333333333334,
        "tdr": 0.45,
        "reasoning": 0.8888888888888888,
        "precision": 0.825,
        "num_samples": 20
      },
      "llama_3.1_405b": {
        "sui": 0.4635,
        "tdr": 0.25,
        "reasoning": 0.7166666666666666,
        "precision": 0.425,
        "num_samples": 20
      }
    },
    "default": {
      "claude_opus_4.5": {
        "sui": 0.7461111111111112,
        "tdr": 0.45,
        "reasoning": 0.9537037037037037,
        "precision": 0.9333333333333332,
        "num_samples": 20
      },
      "gpt-5.2": {
        "sui": 0.7737499999999999,
        "tdr": 0.6,
        "reasoning": 0.9791666666666666,
        "precision": 0.8,
        "num_samples": 20
      },
      "gemini_3_pro_preview": {
        "sui": 0.7744736842105263,
        "tdr": 0.5263157894736842,
        "reasoning": 0.95,
        "precision": 0.9298245614035089,
        "num_samples": 19
      },
      "grok_4": {
        "sui": 0.6913888888888888,
        "tdr": 0.45,
        "reasoning": 0.9629629629629629,
        "precision": 0.7416666666666666,
        "num_samples": 20
      },
      "deepseek_v3.2": {
        "sui": 0.6941666666666666,
        "tdr": 0.45,
        "reasoning": 0.8888888888888888,
        "precision": 0.825,
        "num_samples": 20
      },
      "llama_3.1_405b": {
        "sui": 0.44249999999999995,
        "tdr": 0.25,
        "reasoning": 0.7166666666666666,
        "precision": 0.425,
        "num_samples": 20
      }
    },
    "quality_first": {
      "claude_opus_4.5": {
        "sui": 0.7964814814814816,
        "tdr": 0.45,
        "reasoning": 0.9537037037037037,
        "precision": 0.9333333333333332,
        "num_samples": 20
      },
      "gpt-5.2": {
        "sui": 0.8116666666666666,
        "tdr": 0.6,
        "reasoning": 0.9791666666666666,
        "precision": 0.8,
        "num_samples": 20
      },
      "gemini_3_pro_preview": {
        "sui": 0.8168421052631578,
        "tdr": 0.5263157894736842,
        "reasoning": 0.95,
        "precision": 0.9298245614035089,
        "num_samples": 19
      },
      "grok_4": {
        "sui": 0.7426851851851852,
        "tdr": 0.45,
        "reasoning": 0.9629629629629629,
        "precision": 0.7416666666666666,
        "num_samples": 20
      },
      "deepseek_v3.2": {
        "sui": 0.7380555555555556,
        "tdr": 0.45,
        "reasoning": 0.8888888888888888,
        "precision": 0.825,
        "num_samples": 20
      },
      "llama_3.1_405b": {
        "sui": 0.48916666666666664,
        "tdr": 0.25,
        "reasoning": 0.7166666666666666,
        "precision": 0.425,
        "num_samples": 20
      }
    },
    "precision_first": {
      "claude_opus_4.5": {
        "sui": 0.7944444444444444,
        "tdr": 0.45,
        "reasoning": 0.9537037037037037,
        "precision": 0.9333333333333332,
        "num_samples": 20
      },
      "gpt-5.2": {
        "sui": 0.79375,
        "tdr": 0.6,
        "reasoning": 0.9791666666666666,
        "precision": 0.8,
        "num_samples": 20
      },
      "gemini_3_pro_preview": {
        "sui": 0.8148245614035088,
        "tdr": 0.5263157894736842,
        "reasoning": 0.95,
        "precision": 0.9298245614035089,
        "num_samples": 19
      },
      "grok_4": {
        "sui": 0.7205555555555555,
        "tdr": 0.45,
        "reasoning": 0.9629629629629629,
        "precision": 0.7416666666666666,
        "num_samples": 20
      },
      "deepseek_v3.2": {
        "sui": 0.7316666666666667,
        "tdr": 0.45,
        "reasoning": 0.8888888888888888,
        "precision": 0.825,
        "num_samples": 20
      },
      "llama_3.1_405b": {
        "sui": 0.45999999999999996,
        "tdr": 0.25,
        "reasoning": 0.7166666666666666,
        "precision": 0.425,
        "num_samples": 20
      }
    },
    "detection_heavy": {
      "claude_opus_4.5": {
        "sui": 0.6967592592592592,
        "tdr": 0.45,
        "reasoning": 0.9537037037037037,
        "precision": 0.9333333333333332,
        "num_samples": 20
      },
      "gpt-5.2": {
        "sui": 0.7447916666666667,
        "tdr": 0.6,
        "reasoning": 0.9791666666666666,
        "precision": 0.8,
        "num_samples": 20
      },
      "gemini_3_pro_preview": {
        "sui": 0.7331140350877193,
        "tdr": 0.5263157894736842,
        "reasoning": 0.95,
        "precision": 0.9298245614035089,
        "num_samples": 19
      },
      "grok_4": {
        "sui": 0.6511574074074074,
        "tdr": 0.45,
        "reasoning": 0.9629629629629629,
        "precision": 0.7416666666666666,
        "num_samples": 20
      },
      "deepseek_v3.2": {
        "sui": 0.6534722222222222,
        "tdr": 0.45,
        "reasoning": 0.8888888888888888,
        "precision": 0.825,
        "num_samples": 20
      },
      "llama_3.1_405b": {
        "sui": 0.41041666666666665,
        "tdr": 0.25,
        "reasoning": 0.7166666666666666,
        "precision": 0.425,
        "num_samples": 20
      }
    }
  },
  "rankings": {
    "balanced": [
      [
        "gemini_3_pro_preview",
        1
      ],
      [
        "gpt-5.2",
        2
      ],
      [
        "claude_opus_4.5",
        3
      ],
      [
        "deepseek_v3.2",
        4
      ],
      [
        "grok_4",
        5
      ],
      [
        "llama_3.1_405b",
        6
      ]
    ],
    "default": [
      [
        "gemini_3_pro_preview",
        1
      ],
      [
        "gpt-5.2",
        2
      ],
      [
        "claude_opus_4.5",
        3
      ],
      [
        "deepseek_v3.2",
        4
      ],
      [
        "grok_4",
        5
      ],
      [
        "llama_3.1_405b",
        6
      ]
    ],
    "quality_first": [
      [
        "gemini_3_pro_preview",
        1
      ],
      [
        "gpt-5.2",
        2
      ],
      [
        "claude_opus_4.5",
        3
      ],
      [
        "grok_4",
        4
      ],
      [
        "deepseek_v3.2",
        5
      ],
      [
        "llama_3.1_405b",
        6
      ]
    ],
    "precision_first": [
      [
        "gemini_3_pro_preview",
        1
      ],
      [
        "claude_opus_4.5",
        2
      ],
      [
        "gpt-5.2",
        3
      ],
      [
        "deepseek_v3.2",
        4
      ],
      [
        "grok_4",
        5
      ],
      [
        "llama_3.1_405b",
        6
      ]
    ],
    "detection_heavy": [
      [
        "gpt-5.2",
        1
      ],
      [
        "gemini_3_pro_preview",
        2
      ],
      [
        "claude_opus_4.5",
        3
      ],
      [
        "deepseek_v3.2",
        4
      ],
      [
        "grok_4",
        5
      ],
      [
        "llama_3.1_405b",
        6
      ]
    ]
  },
  "correlations": {
    "balanced_vs_default": 1.0,
    "balanced_vs_quality_first": 0.942857142857143,
    "balanced_vs_precision_first": 0.942857142857143,
    "balanced_vs_detection_heavy": 0.942857142857143,
    "default_vs_quality_first": 0.942857142857143,
    "default_vs_precision_first": 0.942857142857143,
    "default_vs_detection_heavy": 0.942857142857143,