{
  "claude_opus_4.5": {
    "shapeshifter_l3_medium": {
      "n": 12,
      "accuracy": 1.0,
      "tdr": 0.5833333333333334,
      "lucky_rate": 0.4166666666666667,
      "finding_precision": 0.696969696969697,
      "avg_findings": 2.75,
      "rcir": 1.0,
      "ava": 1.0,
      "fsv": 1.0
    },
    "nocomments_original": {
      "n": 5,
      "accuracy": 1.0,
      "tdr": 0.6,
      "lucky_rate": 0.4,
      "finding_precision": 0.9230769230769231,
      "avg_findings": 2.6,
      "rcir": 1.0,
      "ava": 1.0,
      "fsv": 1.0
    },
    "chameleon_medical": {
      "n": 12,
      "accuracy": 1.0,
      "tdr": 0.6666666666666666,
      "lucky_rate": 0.3333333333333333,
      "finding_precision": 0.8285714285714286,
      "avg_findings": 2.9166666666666665,
      "rcir": 0.96875,
      "ava": 1.0,
      "fsv": 0.96875
    },
    "nocomments": {
      "n": 7,
      "accuracy": 1.0,
      "tdr": 0.8571428571428571,
      "lucky_rate": 0.14285714285714285,
      "finding_precision": 0.7619047619047619,
      "avg_findings": 3.0,
      "rcir": 1.0,
      "ava": 1.0,
      "fsv": 1.0
    },
    "sanitized": {
      "n": 25,
      "accuracy": 0.56,
      "tdr": 0.24,
      "lucky_rate": 0.5714285714285714,
      "finding_precision": 0.2767857142857143,
      "avg_findings": 4.48,
      "rcir": 0.9166666666666666,
      "ava": 0.9583333333333334,
      "fsv": 0.8333333333333334
    },
    "hydra_restructure": {
      "n": 7,
      "accuracy": 1.0,
      "tdr": 0.8571428571428571,
      "lucky_rate": 0.14285714285714285,
      "finding_precision": 0.6818181818181818,
      "avg_findings": 3.142857142857143,
      "rcir": 1.0,
      "ava": 1.0,
      "fsv": 1.0
    }
  },
  "deepseek_v3.2": {
    "shapeshifter_l3_medium": {
      "n": 12,
      "accuracy": 1.0,
      "tdr": 0.5,
      "lucky_rate": 0.5,
      "finding_precision": 0.6451612903225806,
      "avg_findings": 2.5833333333333335,
      "rcir": 0.9,
      "ava": 0.9249999999999999,
      "fsv": 0.8666666666666667
    },
    "nocomments_original": {
      "n": 5,
      "accuracy": 1.0,
      "tdr": 0.6,
      "lucky_rate": 0.4,
      "finding_precision": 0.9,
      "avg_findings": 2.0,
      "rcir": 0.9166666666666666,
      "ava": 0.9166666666666666,
      "fsv": 0.8333333333333334
    },
    "chameleon_medical": {
      "n": 12,
      "accuracy": 1.0,
      "tdr": 0.3333333333333333,
      "lucky_rate": 0.6666666666666666,
      "finding_precision": 0.6774193548387096,
      "avg_findings": 2.5833333333333335,
      "rcir": 0.9375,
      "ava": 0.9375,
      "fsv": 0.9375
    },
    "nocomments": {
      "n": 7,
      "accuracy": 1.0,
      "tdr": 0.5714285714285714,
      "lucky_rate": 0.42857142857142855,
      "finding_precision": 0.47368421052631576,
      "avg_findings": 2.7142857142857144,
      "rcir": 0.9375,
      "ava": 0.9375,
      "fsv": 1.0
    },
    "sanitized": {
      "n": 25,
      "accuracy": 0.52,
      "tdr": 0.2,
      "lucky_rate": 0.6428571428571429,
      "finding_precision": 0.18085106382978725,
      "avg_findings": 3.76,
      "rcir": 0.85,
      "ava": 0.8,
      "fsv": 0.65
    },
    "hydra_restructure": {
      "n": 7,
      "accuracy": 1.0,
      "tdr": 0.5714285714285714,
      "lucky_rate": 0.42857142857142855,
      "finding_precision": 0.7368421052631579,
      "avg_findings": 2.7142857142857144,
      "rcir": 0.9375,
      "ava": 1.0,
      "fsv": 0.9375
    }
  },
  "gemini_3_pro_preview": {
    "shapeshifter_l3_medium": {
      "n": 12,
      "accuracy": 1.0,
      "tdr": 0.6666666666666666,
      "lucky_rate": 0.3333333333333333,
      "finding_precision": 0.7857142857142857,
      "avg_findings": 2.3333333333333335,
      "rcir": 0.9375,
      "ava": 1.0,
      "fsv": 0.90625
    },
    "nocomments_original": {
      "n": 5,
      "accuracy": 1.0,
      "tdr": 0.6,
      "lucky_rate": 0.4,
      "finding_precision": 1.0,
      "avg_findings": 2.0,
      "rcir": 1.0,
      "ava": 1.0,
      "fsv": 1.0
    },
    "chameleon_medical": {
      "n": 11,
      "accuracy": 1.0,
      "tdr": 0.7272727272727273,
      "lucky_rate": 0.2727272727272727,
      "finding_precision": 0.84,
      "avg_findings": 2.272727272727273,
      "rcir": 1.0,
      "ava": 1.0,
      "fsv": 1.0
    },
    "nocomments": {
      "n": 7,
      "accuracy": 1.0,
      "tdr": 0.8571428571428571,
      "lucky_rate": 0.14285714285714285,
      "finding_precision": 0.6875,
      "avg_findings": 2.2857142857142856,
      "rcir": 1.0,
      "ava": 1.0,
      "fsv": 1.0
    },
    "sanitized": {
      "n": 24,
      "accuracy": 0.8333333333333334,
      "tdr": 0.2916666666666667,
      "lucky_rate": 0.65,
      "finding_precision": 0.38961038961038963,
      "avg_findings": 3.2083333333333335,
      "rcir": 0.8928571428571429,
      "ava": 0.8571428571428571,
      "fsv": 0.8214285714285714
    },
    "hydra_restructure": {
      "n": 7,
      "accuracy": 1.0,
      "tdr": 0.8571428571428571,
      "lucky_rate": 0.14285714285714285,
      "finding_precision": 0.9285714285714286,
      "avg_findings": 2.0,
      "rcir": 1.0,
      "ava": 1.0,
      "fsv": 1.0
    }
  },
  "gpt-5.2": {
    "shapeshifter_l3_medium": {
      "n": 12,
      "accuracy": 0.9166666666666666,
      "tdr": 0.75,
      "lucky_rate": 0.18181818181818182,
      "finding_precision": 0.84,
      "avg_findings": 2.0833333333333335,
      "rcir": 0.9722222222222222,
      "ava": 1.0,
      "fsv": 1.0
    },
    "nocomments_original": {
      "n": 5,
      "accuracy": 0.8,
      "tdr": 0.6,
      "lucky_rate": 0.25,
      "finding_precision": 0.8888888888888888,
      "avg_findings": 1.8,
      "rcir": 1.0,
      "ava": 1.0,
      "fsv": 1.0
    },
    "chameleon_medical": {
      "n": 12,
      "accuracy": 0.9166666666666666,
      "tdr": 0.5833333333333334,
      "lucky_rate": 0.36363636363636365,
      "finding_precision": 0.95,
      "avg_findings": 1.6666666666666667,
      "rcir": 0.9642857142857143,
      "ava": 1.0,
      "fsv": 0.9642857142857143
    },
    "nocomments": {
      "n": 7,
      "accuracy": 1.0,
      "tdr": 0.8571428571428571,
      "lucky_rate": 0.14285714285714285,
      "finding_precision": 1.0,
      "avg_findings": 1.7142857142857142,
      "rcir": 1.0,
      "ava": 1.0,
      "fsv": 1.0
    },
    "sanitized": {
      "n": 25,
      "accuracy": 0.44,
      "tdr": 0.32,
      "lucky_rate": 0.3333333333333333,
      "finding_precision": 0.3176470588235294,
      "avg_findings": 3.4,
      "rcir": 0.9375,
      "ava": 0.90625,
      "fsv": 0.875
    },
    "hydra_restructure": {
      "n": 7,
      "accuracy": 1.0,
      "tdr": 0.7142857142857143,
      "lucky_rate": 0.2857142857142857,
      "finding_precision": 1.0,
      "avg_findings": 2.142857142857143,
      "rcir": 1.0,
      "ava": 1.0,
      "fsv": 1.0
    }
  },
  "llama_3.1_405b": {
    "shapeshifter_l3_medium": {
      "n": 12,
      "accuracy": 1.0,
      "tdr": 0.25,
      "lucky_rate": 0.75,
      "finding_precision": 0.2222222222222222,
      "avg_findings": 1.5,
      "rcir": 0.8333333333333334,
      "ava": 0.8333333333333334,
      "fsv": 0.9166666666666666
    },
    "nocomments_original": {
      "n": 5,
      "accuracy": 1.0,
      "tdr": 0.2,
      "lucky_rate": 0.8,
      "finding_precision": 0.5714285714285714,
      "avg_findings": 1.4,
      "rcir": 0.75,
      "ava": 0.75,
      "fsv": 0.5
    },
    "chameleon_medical": {
      "n": 12,
      "accuracy": 1.0,
      "tdr": 0.25,
      "lucky_rate": 0.75,
      "finding_precision": 0.29411764705882354,
      "avg_findings": 1.4166666666666667,
      "rcir": 0.8333333333333334,
      "ava": 0.9166666666666666,
      "fsv": 0.75
    },
    "nocomments": {
      "n": 7,
      "accuracy": 1.0,
      "tdr": 0.14285714285714285,
      "lucky_rate": 0.8571428571428571,
      "finding_precision": 0.25,
      "avg_findings": 1.1428571428571428,
      "rcir": 1.0,
      "ava": 1.0,
      "fsv": 1.0
    },
    "sanitized": {
      "n": 24,
      "accuracy": 0.6666666666666666,