{
  "detector": "claude-opus-4-5",
  "tier": "tier3",
  "judge_model": "mistral-large",
  "timestamp": "2026-01-06T03:04:57.003979+00:00",
  "sample_counts": {
    "total": 30,
    "successful_evaluations": 30,
    "failed_evaluations": 0
  },
  "detection_metrics": {
    "target_found_count": 23,
    "target_detection_rate": 0.7666666666666667,
    "miss_rate": 0.23333333333333328,
    "lucky_guess_count": 1,
    "lucky_guess_rate": 0.03333333333333333,
    "samples_with_bonus": 22,
    "ancillary_discovery_rate": 0.7333333333333333,
    "verdict_correct_count": 29,
    "verdict_accuracy": 0.9666666666666667,
    "total_findings": 72,
    "avg_findings_per_sample": 2.4,
    "true_positives": 65,
    "false_positives": 7,
    "precision": 0.9027777777777778,
    "invalid_finding_rate": 0.09722222222222222,
    "false_alarm_density": 0.23333333333333334,
    "f1_score": 0.8291735995562951
  },
  "quality_scores": {
    "avg_rcir": 0.9869565217391304,
    "avg_ava": 0.9891304347826086,
    "avg_fsv": 0.9695652173913044,
    "std_rcir": 0.034435022157509085,
    "std_ava": 0.04252411545531449,
    "std_fsv": 0.04704719688969646,
    "count": 23
  },
  "classification_totals": {
    "target_matches": 23,
    "partial_matches": 1,
    "bonus_valid": 41,
    "invalid": 2,
    "mischaracterized": 3,
    "design_choice": 0,
    "out_of_scope": 0,
    "security_theater": 0,
    "informational": 2
  },
  "type_match_distribution": {
    "exact": 5,
    "semantic": 18,
    "partial": 0,
    "wrong": 1,
    "not_mentioned": 6
  },
  "by_vulnerability_type": {
    "logic_error": {
      "total_samples": 7,
      "target_found_count": 6,
      "target_detection_rate": 0.8571428571428571,
      "miss_rate": 0.1428571428571429,
      "lucky_guess_count": 0,
      "lucky_guess_rate": 0.0,
      "samples_with_bonus": 4,
      "ancillary_discovery_rate": 0.5714285714285714,
      "verdict_correct_count": 6,
      "verdict_accuracy": 0.8571428571428571,
      "total_findings": 13,
      "avg_findings_per_sample": 1.8571428571428572,
      "true_positives": 12,
      "false_positives": 1,
      "precision": 0.9230769230769231,
      "invalid_finding_rate": 0.07692307692307693,
      "false_alarm_density": 0.14285714285714285,
      "f1_score": 0.888888888888889,
      "classifications": {
        "target_matches": 6,
        "partial_matches": 0,
        "bonus_valid": 6,
        "invalid": 1,
        "mischaracterized": 0,
        "design_choice": 0,
        "out_of_scope": 0,
        "security_theater": 0,
        "informational": 0
      },
      "type_match_distribution": {
        "exact": 0,
        "semantic": 6,
        "partial": 0,
        "wrong": 0,
        "not_mentioned": 1
      },
      "quality_scores": {
        "avg_rcir": 0.9666666666666667,
        "avg_ava": 0.9583333333333334,
        "avg_fsv": 0.9500000000000001,
        "std_rcir": 0.05163977794943221,
        "std_ava": 0.08010409893798609,
        "std_fsv": 0.0547722557505166,
        "count": 6
      }
    },
    "token_incompatibility": {
      "total_samples": 1,
      "target_found_count": 1,
      "target_detection_rate": 1.0,
      "miss_rate": 0.0,
      "lucky_guess_count": 0,
      "lucky_guess_rate": 0.0,
      "samples_with_bonus": 1,
      "ancillary_discovery_rate": 1.0,
      "verdict_correct_count": 1,
      "verdict_accuracy": 1.0,
      "total_findings": 2,
      "avg_findings_per_sample": 2.0,
      "true_positives": 2,
      "false_positives": 0,
      "precision": 1.0,
      "invalid_finding_rate": 0.0,
      "false_alarm_density": 0.0,
      "f1_score": 1.0,
      "classifications": {
        "target_matches": 1,
        "partial_matches": 0,
        "bonus_valid": 1,
        "invalid": 0,
        "mischaracterized": 0,
        "design_choice": 0,
        "out_of_scope": 0,
        "security_theater": 0,
        "informational": 0
      },
      "type_match_distribution": {
        "exact": 0,
        "semantic": 1,
        "partial": 0,
        "wrong": 0,
        "not_mentioned": 0
      },
      "quality_scores": {
        "avg_rcir": 1.0,
        "avg_ava": 1.0,
        "avg_fsv": 1.0,
        "std_rcir": null,
        "std_ava": null,
        "std_fsv": null,
        "count": 1
      }
    },
    "approval_scam": {
      "total_samples": 1,
      "target_found_count": 0,
      "target_detection_rate": 0.0,
      "miss_rate": 1.0,
      "lucky_guess_count": 0,
      "lucky_guess_rate": 0.0,
      "samples_with_bonus": 1,
      "ancillary_discovery_rate": 1.0,
      "verdict_correct_count": 1,
      "verdict_accuracy": 1.0,
      "total_findings": 3,
      "avg_findings_per_sample": 3.0,
      "true_positives": 2,
      "false_positives": 1,
      "precision": 0.6666666666666666,
      "invalid_finding_rate": 0.3333333333333333,
      "false_alarm_density": 1.0,
      "f1_score": 0.0,
      "classifications": {
        "target_matches": 0,
        "partial_matches": 0,
        "bonus_valid": 2,
        "invalid": 0,
        "mischaracterized": 1,
        "design_choice": 0,
        "out_of_scope": 0,
        "security_theater": 0,
        "informational": 0
      },
      "type_match_distribution": {
        "exact": 0,
        "semantic": 0,
        "partial": 0,
        "wrong": 0,
        "not_mentioned": 1
      },
      "quality_scores": {
        "avg_rcir": null,
        "avg_ava": null,
        "avg_fsv": null,
        "std_rcir": null,
        "std_ava": null,
        "std_fsv": null,
        "count": 0
      }
    },
    "precision_loss": {
      "total_samples": 1,
      "target_found_count": 1,
      "target_detection_rate": 1.0,
      "miss_rate": 0.0,
      "lucky_guess_count": 0,
      "lucky_guess_rate": 0.0,
      "samples_with_bonus": 0,
      "ancillary_discovery_rate": 0.0,
      "verdict_correct_count": 1,
      "verdict_accuracy": 1.0,
      "total_findings": 1,
      "avg_findings_per_sample": 1.0,
      "true_positives": 1,
      "false_positives": 0,
      "precision": 1.0,
      "invalid_finding_rate": 0.0,
      "false_alarm_density": 0.0,
      "f1_score": 1.0,
      "classifications": {
        "target_matches": 1,
        "partial_matches": 0,
        "bonus_valid": 0,
        "invalid": 0,
        "mischaracterized": 0,
        "design_choice": 0,
        "out_of_scope": 0,
        "security_theater": 0,
        "informational": 0
      },
      "type_match_distribution": {
        "exact": 0,
        "semantic": 1,
        "partial": 0,
        "wrong": 0,
        "not_mentioned": 0
      },
      "quality_scores": {
        "avg_rcir": 1.0,
        "avg_ava": 1.0,
        "avg_fsv": 0.9,
        "std_rcir": null,
        "std_ava": null,
        "std_fsv": null,
        "count": 1
      }
    },
    "unchecked_call": {
      "total_samples": 2,
      "target_found_count": 2,
      "target_detection_rate": 1.0,
      "miss_rate": 0.0,
      "lucky_guess_count": 0,
      "lucky_guess_rate": 0.0,
      "samples_with_bonus": 2,
      "ancillary_discovery_rate": 1.0,
      "verdict_correct_count": 2,
      "verdict_accuracy": 1.0,
      "total_findings": 5,
      "avg_findings_per_sample": 2.5,
      "true_positives": 5,
      "false_positives": 0,
      "precision": 1.0,
      "invalid_finding_rate": 0.0,
      "false_alarm_density": 0.0,
      "f1_score": 1.0,
      "classifications": {
        "target_matches": 2,
        "partial_matches": 0,
        "bonus_valid": 3,
        "invalid": 0,
        "mischaracterized": 0,
        "design_choice": 0,
        "out_of_scope": 0,
        "security_theater": 0,
        "informational": 0
      },
      "type_match_distribution": {
        "exact": 0,
        "semantic": 2,
        "partial": 0,
        "wrong": 0,
        "not_mentioned": 0
      },
      "quality_scores": {
        "avg_rcir": 1.0,
        "avg_ava": 1.0,
        "avg_fsv": 1.0,
        "std_rcir": 0.0,
        "std_ava": 0.0,
        "std_fsv": 0.0,
        "count": 2
      }
    },