{
  "snapshot_timestamp": "2025-12-18T17:14:05.353460",
  "sample_count": 56,
  "metrics": {
    "total_samples": 56,
    "vulnerable_samples": 56,
    "safe_samples": 0,
    "detection": {
      "accuracy": 0.9821428571428571,
      "precision": 1.0,
      "recall": 0.9821428571428571,
      "f1": 0.9909909909909909,
      "f2": 0.9856630824372761,
      "fpr": 0,
      "fnr": 0.017857142857142856,
      "tp": 55,
      "tn": 0,
      "fp": 0,
      "fn": 1
    },
    "target_finding": {
      "target_detection_rate": 0.6071428571428571,
      "lucky_guess_rate": 0.38181818181818183,
      "bonus_discovery_rate": 0.6964285714285714,
      "target_found_count": 34,
      "lucky_guess_count": 21
    },
    "finding_quality": {
      "finding_precision": 0.7768595041322314,
      "invalid_rate": 0.2231404958677686,
      "hallucination_rate": 0.008264462809917356,
      "over_flagging_score": 0.48214285714285715,
      "avg_findings_per_sample": 2.1607142857142856,
      "total_findings": 121,
      "valid_findings": 94,
      "invalid_findings": 27,
      "hallucinated_findings": 1
    },
    "reasoning_quality": {
      "mean_rcir": 0.9779411764705882,
      "mean_ava": 0.9779411764705882,
      "mean_fsv": 0.9485294117647058,
      "std_rcir": 0.09329836426801118,
      "std_ava": 0.12671829367363296,
      "std_fsv": 0.1796587018069208,
      "n_samples_with_reasoning": 34
    },
    "type_accuracy": {
      "exact_match_rate": 0.6764705882352942,
      "semantic_match_rate": 1.0,
      "partial_match_rate": 0.0,
      "n_samples": 34
    },
    "calibration": {
      "ece": 0.009821428571428727,
      "mce": 0.09999999999999998,
      "overconfidence_rate": 0.017857142857142905,
      "underconfidence_rate": 0.0,
      "brier_score": 0.017008928571428574,
      "n_samples": 56
    },
    "composite": {
      "true_understanding_score": 0.4566361668634395,
      "sui": 0.8557825813832153,
      "sui_components": {
        "f2": 0.9856630824372761,
        "target_detection": 0.6071428571428571,
        "finding_precision": 0.7768595041322314,
        "avg_reasoning": 0.9681372549019608,
        "calibration": 0.9901785714285712
      },
      "lucky_guess_indicator": 0.375
    },
    "by_prompt_type": {
      "direct": {
        "total_samples": 56,
        "vulnerable_samples": 56,
        "safe_samples": 0,
        "detection": {
          "accuracy": 0.9821428571428571,
          "precision": 1.0,
          "recall": 0.9821428571428571,
          "f1": 0.9909909909909909,
          "f2": 0.9856630824372761,
          "fpr": 0,
          "fnr": 0.017857142857142856,
          "tp": 55,
          "tn": 0,
          "fp": 0,
          "fn": 1
        },
        "target_finding": {
          "target_detection_rate": 0.6071428571428571,
          "lucky_guess_rate": 0.38181818181818183,
          "bonus_discovery_rate": 0.6964285714285714,
          "target_found_count": 34,
          "lucky_guess_count": 21
        },
        "finding_quality": {
          "finding_precision": 0.7768595041322314,
          "invalid_rate": 0.2231404958677686,
          "hallucination_rate": 0.008264462809917356,
          "over_flagging_score": 0.48214285714285715,
          "avg_findings_per_sample": 2.1607142857142856,
          "total_findings": 121,
          "valid_findings": 94,
          "invalid_findings": 27,
          "hallucinated_findings": 1
        },
        "reasoning_quality": {
          "mean_rcir": 0.9779411764705882,
          "mean_ava": 0.9779411764705882,
          "mean_fsv": 0.9485294117647058,
          "std_rcir": 0.09329836426801118,
          "std_ava": 0.12671829367363296,
          "std_fsv": 0.1796587018069208,
          "n_samples_with_reasoning": 34
        },
        "type_accuracy": {
          "exact_match_rate": 0.6764705882352942,
          "semantic_match_rate": 1.0,
          "partial_match_rate": 0.0,
          "n_samples": 34
        },
        "calibration": {
          "ece": 0.009821428571428727,
          "mce": 0.09999999999999998,
          "overconfidence_rate": 0.017857142857142905,
          "underconfidence_rate": 0.0,
          "brier_score": 0.017008928571428574,
          "n_samples": 56
        },
        "composite": {
          "true_understanding_score": 0.4566361668634395,
          "sui": 0.8557825813832153,
          "sui_components": {
            "f2": 0.9856630824372761,
            "target_detection": 0.6071428571428571,
            "finding_precision": 0.7768595041322314,
            "avg_reasoning": 0.9681372549019608,
            "calibration": 0.9901785714285712
          },
          "lucky_guess_indicator": 0.375
        }
      }
    }
  }
}