{
  "snapshot_timestamp": "2025-12-18T16:36:50.885234",
  "sample_count": 51,
  "metrics": {
    "total_samples": 51,
    "vulnerable_samples": 51,
    "safe_samples": 0,
    "detection": {
      "accuracy": 0.9803921568627451,
      "precision": 1.0,
      "recall": 0.9803921568627451,
      "f1": 0.99009900990099,
      "f2": 0.9842519685039369,
      "fpr": 0,
      "fnr": 0.0196078431372549,
      "tp": 50,
      "tn": 0,
      "fp": 0,
      "fn": 1
    },
    "target_finding": {
      "target_detection_rate": 0.6078431372549019,
      "lucky_guess_rate": 0.38,
      "bonus_discovery_rate": 0.6666666666666666,
      "target_found_count": 31,
      "lucky_guess_count": 19
    },
    "finding_quality": {
      "finding_precision": 0.7567567567567568,
      "invalid_rate": 0.24324324324324326,
      "hallucination_rate": 0.009009009009009009,
      "over_flagging_score": 0.5294117647058824,
      "avg_findings_per_sample": 2.176470588235294,
      "total_findings": 111,
      "valid_findings": 84,
      "invalid_findings": 27,
      "hallucinated_findings": 1
    },
    "reasoning_quality": {
      "mean_rcir": 0.9758064516129032,
      "mean_ava": 0.9758064516129032,
      "mean_fsv": 0.9435483870967742,
      "std_rcir": 0.09744391914189171,
      "std_ava": 0.13251352197705632,
      "std_fsv": 0.1874024199777782,
      "n_samples_with_reasoning": 31
    },
    "type_accuracy": {
      "exact_match_rate": 0.7096774193548387,
      "semantic_match_rate": 1.0,
      "partial_match_rate": 0.0,
      "n_samples": 31
    },
    "calibration": {
      "ece": 0.010784313725490277,
      "mce": 0.09999999999999998,
      "overconfidence_rate": 0.019607843137254943,
      "underconfidence_rate": 0.0,
      "brier_score": 0.018676470588235298,
      "n_samples": 51
    },
    "composite": {
      "true_understanding_score": 0.4439145027380322,
      "sui": 0.8517222994408893,
      "sui_components": {
        "f2": 0.9842519685039369,
        "target_detection": 0.6078431372549019,
        "finding_precision": 0.7567567567567568,
        "avg_reasoning": 0.9650537634408604,
        "calibration": 0.9892156862745097
      },
      "lucky_guess_indicator": 0.37254901960784315
    },
    "by_prompt_type": {
      "direct": {
        "total_samples": 51,
        "vulnerable_samples": 51,
        "safe_samples": 0,
        "detection": {
          "accuracy": 0.9803921568627451,
          "precision": 1.0,
          "recall": 0.9803921568627451,
          "f1": 0.99009900990099,
          "f2": 0.9842519685039369,
          "fpr": 0,
          "fnr": 0.0196078431372549,
          "tp": 50,
          "tn": 0,
          "fp": 0,
          "fn": 1
        },
        "target_finding": {
          "target_detection_rate": 0.6078431372549019,
          "lucky_guess_rate": 0.38,
          "bonus_discovery_rate": 0.6666666666666666,
          "target_found_count": 31,
          "lucky_guess_count": 19
        },
        "finding_quality": {
          "finding_precision": 0.7567567567567568,
          "invalid_rate": 0.24324324324324326,
          "hallucination_rate": 0.009009009009009009,
          "over_flagging_score": 0.5294117647058824,
          "avg_findings_per_sample": 2.176470588235294,
          "total_findings": 111,
          "valid_findings": 84,
          "invalid_findings": 27,
          "hallucinated_findings": 1
        },
        "reasoning_quality": {
          "mean_rcir": 0.9758064516129032,
          "mean_ava": 0.9758064516129032,
          "mean_fsv": 0.9435483870967742,
          "std_rcir": 0.09744391914189171,
          "std_ava": 0.13251352197705632,
          "std_fsv": 0.1874024199777782,
          "n_samples_with_reasoning": 31
        },
        "type_accuracy": {
          "exact_match_rate": 0.7096774193548387,
          "semantic_match_rate": 1.0,
          "partial_match_rate": 0.0,
          "n_samples": 31
        },
        "calibration": {
          "ece": 0.010784313725490277,
          "mce": 0.09999999999999998,
          "overconfidence_rate": 0.019607843137254943,
          "underconfidence_rate": 0.0,
          "brier_score": 0.018676470588235298,
          "n_samples": 51
        },
        "composite": {
          "true_understanding_score": 0.4439145027380322,
          "sui": 0.8517222994408893,
          "sui_components": {
            "f2": 0.9842519685039369,
            "target_detection": 0.6078431372549019,
            "finding_precision": 0.7567567567567568,
            "avg_reasoning": 0.9650537634408604,
            "calibration": 0.9892156862745097
          },
          "lucky_guess_indicator": 0.37254901960784315
        }
      }
    }
  }
}