{
  "total_samples": 43,
  "vulnerable_samples": 43,
  "safe_samples": 0,
  "detection": {
    "accuracy": 0.9302325581395349,
    "precision": 1.0,
    "recall": 0.9302325581395349,
    "f1": 0.963855421686747,
    "f2": 0.9433962264150945,
    "fpr": 0,
    "fnr": 0.06976744186046512,
    "tp": 40,
    "tn": 0,
    "fp": 0,
    "fn": 3
  },
  "target_finding": {
    "target_detection_rate": 0.5813953488372093,
    "lucky_guess_rate": 0.375,
    "bonus_discovery_rate": 0.6976744186046512,
    "target_found_count": 25,
    "lucky_guess_count": 15
  },
  "finding_quality": {
    "finding_precision": 0.6475409836065574,
    "invalid_rate": 0.3524590163934426,
    "hallucination_rate": 0.0,
    "over_flagging_score": 1.0,
    "avg_findings_per_sample": 2.8372093023255816,
    "total_findings": 122,
    "valid_findings": 79,
    "invalid_findings": 43,
    "hallucinated_findings": 0
  },
  "reasoning_quality": {
    "mean_rcir": 0.97,
    "mean_ava": 0.99,
    "mean_fsv": 0.95,
    "std_rcir": 0.08124038404635961,
    "std_ava": 0.04898979485566357,
    "std_fsv": 0.1224744871391589,
    "n_samples_with_reasoning": 25
  },
  "type_accuracy": {
    "exact_match_rate": 0.72,
    "semantic_match_rate": 1.0,
    "partial_match_rate": 0.0,
    "n_samples": 25
  },
  "calibration": {
    "ece": 0.06930232558139532,
    "mce": 0.13363636363636366,
    "overconfidence_rate": 0.06976744186046513,
    "underconfidence_rate": 0.0,
    "brier_score": 0.05452093023255815,
    "n_samples": 43
  },
  "composite": {
    "true_understanding_score": 0.36518299656881437,
    "sui": 0.81389880879592,
    "sui_components": {
      "f2": 0.9433962264150945,
      "target_detection": 0.5813953488372093,
      "finding_precision": 0.6475409836065574,
      "avg_reasoning": 0.9700000000000001,
      "calibration": 0.9306976744186046
    },
    "lucky_guess_indicator": 0.34883720930232553
  },
  "by_prompt_type": {
    "direct": {
      "total_samples": 43,
      "vulnerable_samples": 43,
      "safe_samples": 0,
      "detection": {
        "accuracy": 0.9302325581395349,
        "precision": 1.0,
        "recall": 0.9302325581395349,
        "f1": 0.963855421686747,
        "f2": 0.9433962264150945,
        "fpr": 0,
        "fnr": 0.06976744186046512,
        "tp": 40,
        "tn": 0,
        "fp": 0,
        "fn": 3
      },
      "target_finding": {
        "target_detection_rate": 0.5813953488372093,
        "lucky_guess_rate": 0.375,
        "bonus_discovery_rate": 0.6976744186046512,
        "target_found_count": 25,
        "lucky_guess_count": 15
      },
      "finding_quality": {
        "finding_precision": 0.6475409836065574,
        "invalid_rate": 0.3524590163934426,
        "hallucination_rate": 0.0,
        "over_flagging_score": 1.0,
        "avg_findings_per_sample": 2.8372093023255816,
        "total_findings": 122,
        "valid_findings": 79,
        "invalid_findings": 43,
        "hallucinated_findings": 0
      },
      "reasoning_quality": {
        "mean_rcir": 0.97,
        "mean_ava": 0.99,
        "mean_fsv": 0.95,
        "std_rcir": 0.08124038404635961,
        "std_ava": 0.04898979485566357,
        "std_fsv": 0.1224744871391589,
        "n_samples_with_reasoning": 25
      },
      "type_accuracy": {
        "exact_match_rate": 0.72,
        "semantic_match_rate": 1.0,
        "partial_match_rate": 0.0,
        "n_samples": 25
      },
      "calibration": {
        "ece": 0.06930232558139532,
        "mce": 0.13363636363636366,
        "overconfidence_rate": 0.06976744186046513,
        "underconfidence_rate": 0.0,
        "brier_score": 0.05452093023255815,
        "n_samples": 43
      },
      "composite": {
        "true_understanding_score": 0.36518299656881437,
        "sui": 0.81389880879592,
        "sui_components": {
          "f2": 0.9433962264150945,
          "target_detection": 0.5813953488372093,
          "finding_precision": 0.6475409836065574,
          "avg_reasoning": 0.9700000000000001,
          "calibration": 0.9306976744186046
        },
        "lucky_guess_indicator": 0.34883720930232553
      }
    }
  }
}