{
  "detector": "deepseek-v3-2",
  "tier": "tier3",
  "judge_model": "mimo-v2-flash",
  "timestamp": "2026-01-05T03:41:57.989507+00:00",
  "sample_counts": {
    "total": 30,
    "successful_evaluations": 30,
    "failed_evaluations": 0
  },
  "detection_metrics": {
    "target_found_count": 14,
    "target_detection_rate": 0.4666666666666667,
    "miss_rate": 0.5333333333333333,
    "lucky_guess_count": 4,
    "lucky_guess_rate": 0.13333333333333333,
    "samples_with_bonus": 14,
    "ancillary_discovery_rate": 0.4666666666666667,
    "verdict_correct_count": 28,
    "verdict_accuracy": 0.9333333333333333,
    "total_findings": 58,
    "avg_findings_per_sample": 1.9333333333333333,
    "true_positives": 39,
    "false_positives": 19,
    "precision": 0.6724137931034483,
    "invalid_finding_rate": 0.3275862068965517,
    "false_alarm_density": 0.6333333333333333,
    "f1_score": 0.5509586276488396
  },
  "quality_scores": {
    "avg_rcir": 0.9857142857142858,
    "avg_ava": 0.9714285714285714,
    "avg_fsv": 0.9571428571428572,
    "std_rcir": 0.03631365196012814,
    "std_ava": 0.050817492878118084,
    "std_fsv": 0.06462061726588639,
    "count": 14
  },
  "classification_totals": {
    "target_matches": 14,
    "partial_matches": 0,
    "bonus_valid": 25,
    "invalid": 0,
    "mischaracterized": 13,
    "design_choice": 0,
    "out_of_scope": 0,
    "security_theater": 5,
    "informational": 1
  },
  "type_match_distribution": {
    "exact": 5,
    "semantic": 9,
    "partial": 0,
    "wrong": 1,
    "not_mentioned": 15
  },
  "by_vulnerability_type": {
    "logic_error": {
      "total_samples": 7,
      "target_found_count": 4,
      "target_detection_rate": 0.5714285714285714,
      "miss_rate": 0.4285714285714286,
      "lucky_guess_count": 2,
      "lucky_guess_rate": 0.2857142857142857,
      "samples_with_bonus": 1,
      "ancillary_discovery_rate": 0.14285714285714285,
      "verdict_correct_count": 6,
      "verdict_accuracy": 0.8571428571428571,
      "total_findings": 10,
      "avg_findings_per_sample": 1.4285714285714286,
      "true_positives": 5,
      "false_positives": 5,
      "precision": 0.5,
      "invalid_finding_rate": 0.5,
      "false_alarm_density": 0.7142857142857143,
      "f1_score": 0.5333333333333333,
      "classifications": {
        "target_matches": 4,
        "partial_matches": 0,
        "bonus_valid": 1,
        "invalid": 0,
        "mischaracterized": 4,
        "design_choice": 0,
        "out_of_scope": 0,
        "security_theater": 1,
        "informational": 0
      },
      "type_match_distribution": {
        "exact": 2,
        "semantic": 2,
        "partial": 0,
        "wrong": 1,
        "not_mentioned": 2
      },
      "quality_scores": {
        "avg_rcir": 1.0,
        "avg_ava": 0.975,
        "avg_fsv": 0.95,
        "std_rcir": 0.0,
        "std_ava": 0.04999999999999999,
        "std_fsv": 0.05773502691896256,
        "count": 4
      }
    },
    "token_incompatibility": {
      "total_samples": 1,
      "target_found_count": 1,
      "target_detection_rate": 1.0,
      "miss_rate": 0.0,
      "lucky_guess_count": 0,
      "lucky_guess_rate": 0.0,
      "samples_with_bonus": 0,
      "ancillary_discovery_rate": 0.0,
      "verdict_correct_count": 1,
      "verdict_accuracy": 1.0,
      "total_findings": 2,
      "avg_findings_per_sample": 2.0,
      "true_positives": 1,
      "false_positives": 1,
      "precision": 0.5,
      "invalid_finding_rate": 0.5,
      "false_alarm_density": 1.0,
      "f1_score": 0.6666666666666666,
      "classifications": {
        "target_matches": 1,
        "partial_matches": 0,
        "bonus_valid": 0,
        "invalid": 0,
        "mischaracterized": 0,
        "design_choice": 0,
        "out_of_scope": 0,
        "security_theater": 1,
        "informational": 0
      },
      "type_match_distribution": {
        "exact": 0,
        "semantic": 1,
        "partial": 0,
        "wrong": 0,
        "not_mentioned": 0
      },
      "quality_scores": {
        "avg_rcir": 1.0,
        "avg_ava": 1.0,
        "avg_fsv": 1.0,
        "std_rcir": null,
        "std_ava": null,
        "std_fsv": null,
        "count": 1
      }
    },
    "approval_scam": {
      "total_samples": 1,
      "target_found_count": 1,
      "target_detection_rate": 1.0,
      "miss_rate": 0.0,
      "lucky_guess_count": 0,
      "lucky_guess_rate": 0.0,
      "samples_with_bonus": 1,
      "ancillary_discovery_rate": 1.0,
      "verdict_correct_count": 1,
      "verdict_accuracy": 1.0,
      "total_findings": 3,
      "avg_findings_per_sample": 3.0,
      "true_positives": 2,
      "false_positives": 1,
      "precision": 0.6666666666666666,
      "invalid_finding_rate": 0.3333333333333333,
      "false_alarm_density": 1.0,
      "f1_score": 0.8,
      "classifications": {
        "target_matches": 1,
        "partial_matches": 0,
        "bonus_valid": 1,
        "invalid": 0,
        "mischaracterized": 1,
        "design_choice": 0,
        "out_of_scope": 0,
        "security_theater": 0,
        "informational": 0
      },
      "type_match_distribution": {
        "exact": 1,
        "semantic": 0,
        "partial": 0,
        "wrong": 0,
        "not_mentioned": 0
      },
      "quality_scores": {
        "avg_rcir": 0.9,
        "avg_ava": 0.95,
        "avg_fsv": 0.9,
        "std_rcir": null,
        "std_ava": null,
        "std_fsv": null,
        "count": 1
      }
    },
    "precision_loss": {
      "total_samples": 1,
      "target_found_count": 0,
      "target_detection_rate": 0.0,
      "miss_rate": 1.0,
      "lucky_guess_count": 0,
      "lucky_guess_rate": 0.0,
      "samples_with_bonus": 0,
      "ancillary_discovery_rate": 0.0,
      "verdict_correct_count": 0,
      "verdict_accuracy": 0.0,
      "total_findings": 0,
      "avg_findings_per_sample": 0.0,
      "true_positives": 0,
      "false_positives": 0,
      "precision": 0.0,
      "invalid_finding_rate": 0.0,
      "false_alarm_density": 0.0,
      "f1_score": null,
      "classifications": {
        "target_matches": 0,
        "partial_matches": 0,
        "bonus_valid": 0,
        "invalid": 0,
        "mischaracterized": 0,
        "design_choice": 0,
        "out_of_scope": 0,
        "security_theater": 0,
        "informational": 0
      },
      "type_match_distribution": {
        "exact": 0,
        "semantic": 0,
        "partial": 0,
        "wrong": 0,
        "not_mentioned": 1
      },
      "quality_scores": {
        "avg_rcir": null,
        "avg_ava": null,
        "avg_fsv": null,
        "std_rcir": null,
        "std_ava": null,
        "std_fsv": null,
        "count": 0
      }
    },
    "unchecked_call": {
      "total_samples": 2,
      "target_found_count": 2,
      "target_detection_rate": 1.0,
      "miss_rate": 0.0,
      "lucky_guess_count": 0,
      "lucky_guess_rate": 0.0,
      "samples_with_bonus": 1,
      "ancillary_discovery_rate": 0.5,
      "verdict_correct_count": 2,
      "verdict_accuracy": 1.0,
      "total_findings": 4,
      "avg_findings_per_sample": 2.0,
      "true_positives": 3,
      "false_positives": 1,
      "precision": 0.75,
      "invalid_finding_rate": 0.25,
      "false_alarm_density": 0.5,
      "f1_score": 0.8571428571428571,
      "classifications": {
        "target_matches": 2,
        "partial_matches": 0,
        "bonus_valid": 1,
        "invalid": 0,
        "mischaracterized": 0,
        "design_choice": 0,
        "out_of_scope": 0,
        "security_theater": 0,
        "informational": 1
      },
      "type_match_distribution": {
        "exact": 1,
        "semantic": 1,
        "partial": 0,
        "wrong": 0,
        "not_mentioned": 0
      },
      "quality_scores": {
        "avg_rcir": 0.95,
        "avg_ava": 0.925,
        "avg_fsv": 0.9,
        "std_rcir": 0.07071067811865474,
        "std_ava": 0.10606601717798214,
        "std_fsv": 0.14142135623730948,
        "count": 2
      }
    },