{
  "snapshot_timestamp": "2025-12-18T17:15:15.526176",
  "sample_count": 58,
  "metrics": {
    "total_samples": 58,
    "vulnerable_samples": 58,
    "safe_samples": 0,
    "detection": {
      "accuracy": 0.9827586206896551,
      "precision": 1.0,
      "recall": 0.9827586206896551,
      "f1": 0.9913043478260869,
      "f2": 0.986159169550173,
      "fpr": 0,
      "fnr": 0.017241379310344827,
      "tp": 57,
      "tn": 0,
      "fp": 0,
      "fn": 1
    },
    "target_finding": {
      "target_detection_rate": 0.20689655172413793,
      "lucky_guess_rate": 0.7894736842105263,
      "bonus_discovery_rate": 0.13793103448275862,
      "target_found_count": 12,
      "lucky_guess_count": 45
    },
    "finding_quality": {
      "finding_precision": 0.26666666666666666,
      "invalid_rate": 0.7333333333333333,
      "hallucination_rate": 0.10666666666666667,
      "over_flagging_score": 0.9482758620689655,
      "avg_findings_per_sample": 1.293103448275862,
      "total_findings": 75,
      "valid_findings": 20,
      "invalid_findings": 55,
      "hallucinated_findings": 8
    },
    "reasoning_quality": {
      "mean_rcir": 0.875,
      "mean_ava": 0.875,
      "mean_fsv": 0.7916666666666666,
      "std_rcir": 0.125,
      "std_ava": 0.1613743060919757,
      "std_fsv": 0.2243818669639377,
      "n_samples_with_reasoning": 12
    },
    "type_accuracy": {
      "exact_match_rate": 0.8333333333333334,
      "semantic_match_rate": 1.0,
      "partial_match_rate": 0.0,
      "n_samples": 12
    },
    "calibration": {
      "ece": 0.020689655172413845,
      "mce": 0.19999999999999996,
      "overconfidence_rate": 0.01754385964912286,
      "underconfidence_rate": 0.0,
      "brier_score": 0.01793103448275862,
      "n_samples": 58
    },
    "composite": {
      "true_understanding_score": 0.0467432950191571,
      "sui": 0.6480005203568919,
      "sui_components": {
        "f2": 0.986159169550173,
        "target_detection": 0.20689655172413793,
        "finding_precision": 0.26666666666666666,
        "avg_reasoning": 0.8472222222222222,
        "calibration": 0.9793103448275862
      },
      "lucky_guess_indicator": 0.7758620689655172
    },
    "by_prompt_type": {
      "direct": {
        "total_samples": 58,
        "vulnerable_samples": 58,
        "safe_samples": 0,
        "detection": {
          "accuracy": 0.9827586206896551,
          "precision": 1.0,
          "recall": 0.9827586206896551,
          "f1": 0.9913043478260869,
          "f2": 0.986159169550173,
          "fpr": 0,
          "fnr": 0.017241379310344827,
          "tp": 57,
          "tn": 0,
          "fp": 0,
          "fn": 1
        },
        "target_finding": {
          "target_detection_rate": 0.20689655172413793,
          "lucky_guess_rate": 0.7894736842105263,
          "bonus_discovery_rate": 0.13793103448275862,
          "target_found_count": 12,
          "lucky_guess_count": 45
        },
        "finding_quality": {
          "finding_precision": 0.26666666666666666,
          "invalid_rate": 0.7333333333333333,
          "hallucination_rate": 0.10666666666666667,
          "over_flagging_score": 0.9482758620689655,
          "avg_findings_per_sample": 1.293103448275862,
          "total_findings": 75,
          "valid_findings": 20,
          "invalid_findings": 55,
          "hallucinated_findings": 8
        },
        "reasoning_quality": {
          "mean_rcir": 0.875,
          "mean_ava": 0.875,
          "mean_fsv": 0.7916666666666666,
          "std_rcir": 0.125,
          "std_ava": 0.1613743060919757,
          "std_fsv": 0.2243818669639377,
          "n_samples_with_reasoning": 12
        },
        "type_accuracy": {
          "exact_match_rate": 0.8333333333333334,
          "semantic_match_rate": 1.0,
          "partial_match_rate": 0.0,
          "n_samples": 12
        },
        "calibration": {
          "ece": 0.020689655172413845,
          "mce": 0.19999999999999996,
          "overconfidence_rate": 0.01754385964912286,
          "underconfidence_rate": 0.0,
          "brier_score": 0.01793103448275862,
          "n_samples": 58
        },
        "composite": {
          "true_understanding_score": 0.0467432950191571,
          "sui": 0.6480005203568919,
          "sui_components": {
            "f2": 0.986159169550173,
            "target_detection": 0.20689655172413793,
            "finding_precision": 0.26666666666666666,
            "avg_reasoning": 0.8472222222222222,
            "calibration": 0.9793103448275862
          },
          "lucky_guess_indicator": 0.7758620689655172
        }
      }
    }
  }
}