{
  "subset": "Difficulty Stratified",
  "results": {
    "balanced": {
      "claude_opus_4.5": {
        "sui": 0.850404761904762,
        "tdr": 0.8214285714285714,
        "reasoning": 1.0,
        "precision": 0.7333333333333334,
        "num_samples": 28
      },
      "gpt-5.2": {
        "sui": 0.9175,
        "tdr": 0.75,
        "reasoning": 1.0,
        "precision": 1.0,
        "num_samples": 28
      },
      "gemini_3_pro_preview": {
        "sui": 0.888452380952381,
        "tdr": 0.8214285714285714,
        "reasoning": 1.0,
        "precision": 0.8452380952380951,
        "num_samples": 28
      },
      "grok_4": {
        "sui": 0.8306932773109243,
        "tdr": 0.6071428571428571,
        "reasoning": 0.9901960784313725,
        "precision": 0.8928571428571429,
        "num_samples": 28
      },
      "deepseek_v3.2": {
        "sui": 0.7064809523809525,
        "tdr": 0.5357142857142857,
        "reasoning": 0.9366666666666669,
        "precision": 0.6488095238095238,
        "num_samples": 28
      },
      "llama_3.1_405b": {
        "sui": 0.4522619047619048,
        "tdr": 0.21428571428571427,
        "reasoning": 0.9722222222222222,
        "precision": 0.17857142857142858,
        "num_samples": 28
      }
    },
    "default": {
      "claude_opus_4.5": {
        "sui": 0.8485714285714285,
        "tdr": 0.8214285714285714,
        "reasoning": 1.0,
        "precision": 0.7333333333333334,
        "num_samples": 28
      },
      "gpt-5.2": {
        "sui": 0.9000000000000001,
        "tdr": 0.75,
        "reasoning": 1.0,
        "precision": 1.0,
        "num_samples": 28
      },
      "gemini_3_pro_preview": {
        "sui": 0.8821428571428571,
        "tdr": 0.8214285714285714,
        "reasoning": 1.0,
        "precision": 0.8452380952380951,
        "num_samples": 28
      },
      "grok_4": {
        "sui": 0.8077731092436975,
        "tdr": 0.6071428571428571,
        "reasoning": 0.9901960784313725,
        "precision": 0.8928571428571429,
        "num_samples": 28
      },
      "deepseek_v3.2": {
        "sui": 0.6899285714285714,
        "tdr": 0.5357142857142857,
        "reasoning": 0.9366666666666669,
        "precision": 0.6488095238095238,
        "num_samples": 28
      },
      "llama_3.1_405b": {
        "sui": 0.4309523809523809,
        "tdr": 0.21428571428571427,
        "reasoning": 0.9722222222222222,
        "precision": 0.17857142857142858,
        "num_samples": 28
      }
    },
    "quality_first": {
      "claude_opus_4.5": {
        "sui": 0.8664285714285714,
        "tdr": 0.8214285714285714,
        "reasoning": 1.0,
        "precision": 0.7333333333333334,
        "num_samples": 28
      },
      "gpt-5.2": {
        "sui": 0.925,
        "tdr": 0.75,
        "reasoning": 1.0,
        "precision": 1.0,
        "num_samples": 28
      },
      "gemini_3_pro_preview": {
        "sui": 0.8999999999999999,
        "tdr": 0.8214285714285714,
        "reasoning": 1.0,
        "precision": 0.8452380952380951,
        "num_samples": 28
      },
      "grok_4": {
        "sui": 0.8460784313725489,
        "tdr": 0.6071428571428571,
        "reasoning": 0.9901960784313725,
        "precision": 0.8928571428571429,
        "num_samples": 28
      },
      "deepseek_v3.2": {
        "sui": 0.7300238095238096,
        "tdr": 0.5357142857142857,
        "reasoning": 0.9366666666666669,
        "precision": 0.6488095238095238,
        "num_samples": 28
      },
      "llama_3.1_405b": {
        "sui": 0.5067460317460317,
        "tdr": 0.21428571428571427,
        "reasoning": 0.9722222222222222,
        "precision": 0.17857142857142858,
        "num_samples": 28
      }
    },
    "precision_first": {
      "claude_opus_4.5": {
        "sui": 0.8397619047619047,
        "tdr": 0.8214285714285714,
        "reasoning": 1.0,
        "precision": 0.7333333333333334,
        "num_samples": 28
      },
      "gpt-5.2": {
        "sui": 0.9249999999999999,
        "tdr": 0.75,
        "reasoning": 1.0,
        "precision": 1.0,
        "num_samples": 28
      },
      "gemini_3_pro_preview": {
        "sui": 0.8845238095238095,
        "tdr": 0.8214285714285714,
        "reasoning": 1.0,
        "precision": 0.8452380952380951,
        "num_samples": 28
      },
      "grok_4": {
        "sui": 0.8363445378151261,
        "tdr": 0.6071428571428571,
        "reasoning": 0.9901960784313725,
        "precision": 0.8928571428571429,
        "num_samples": 28
      },
      "deepseek_v3.2": {
        "sui": 0.7012380952380952,
        "tdr": 0.5357142857142857,
        "reasoning": 0.9366666666666669,
        "precision": 0.6488095238095238,
        "num_samples": 28
      },
      "llama_3.1_405b": {
        "sui": 0.42738095238095236,
        "tdr": 0.21428571428571427,
        "reasoning": 0.9722222222222222,
        "precision": 0.17857142857142858,
        "num_samples": 28
      }
    },
    "detection_heavy": {
      "claude_opus_4.5": {
        "sui": 0.844047619047619,
        "tdr": 0.8214285714285714,
        "reasoning": 1.0,
        "precision": 0.7333333333333334,
        "num_samples": 28
      },
      "gpt-5.2": {
        "sui": 0.875,
        "tdr": 0.75,
        "reasoning": 1.0,
        "precision": 1.0,
        "num_samples": 28
      },
      "gemini_3_pro_preview": {
        "sui": 0.8720238095238095,
        "tdr": 0.8214285714285714,
        "reasoning": 1.0,
        "precision": 0.8452380952380951,
        "num_samples": 28
      },
      "grok_4": {
        "sui": 0.7743347338935573,
        "tdr": 0.6071428571428571,
        "reasoning": 0.9901960784313725,
        "precision": 0.8928571428571429,
        "num_samples": 28
      },
      "deepseek_v3.2": {
        "sui": 0.6642261904761905,
        "tdr": 0.5357142857142857,
        "reasoning": 0.9366666666666669,
        "precision": 0.6488095238095238,
        "num_samples": 28
      },
      "llama_3.1_405b": {
        "sui": 0.3948412698412698,
        "tdr": 0.21428571428571427,
        "reasoning": 0.9722222222222222,
        "precision": 0.17857142857142858,
        "num_samples": 28
      }
    }
  },
  "rankings": {
    "balanced": [
      [
        "gpt-5.2",
        1
      ],
      [
        "gemini_3_pro_preview",
        2
      ],
      [
        "claude_opus_4.5",
        3
      ],
      [
        "grok_4",
        4
      ],
      [
        "deepseek_v3.2",
        5
      ],
      [
        "llama_3.1_405b",
        6
      ]
    ],
    "default": [
      [
        "gpt-5.2",
        1
      ],
      [
        "gemini_3_pro_preview",
        2
      ],
      [
        "claude_opus_4.5",
        3
      ],
      [
        "grok_4",
        4
      ],
      [
        "deepseek_v3.2",
        5
      ],
      [
        "llama_3.1_405b",
        6
      ]
    ],
    "quality_first": [
      [
        "gpt-5.2",
        1
      ],
      [
        "gemini_3_pro_preview",
        2
      ],
      [
        "claude_opus_4.5",
        3
      ],
      [
        "grok_4",
        4
      ],
      [
        "deepseek_v3.2",
        5
      ],
      [
        "llama_3.1_405b",
        6
      ]
    ],
    "precision_first": [
      [
        "gpt-5.2",
        1
      ],
      [
        "gemini_3_pro_preview",
        2
      ],
      [
        "claude_opus_4.5",
        3
      ],
      [
        "grok_4",
        4
      ],
      [
        "deepseek_v3.2",
        5
      ],
      [
        "llama_3.1_405b",
        6
      ]
    ],
    "detection_heavy": [
      [
        "gpt-5.2",
        1
      ],
      [
        "gemini_3_pro_preview",
        2
      ],
      [
        "claude_opus_4.5",
        3
      ],
      [
        "grok_4",
        4
      ],
      [
        "deepseek_v3.2",
        5
      ],
      [
        "llama_3.1_405b",
        6
      ]
    ]
  },
  "correlations": {
    "balanced_vs_default": 1.0,
    "balanced_vs_quality_first": 1.0,
    "balanced_vs_precision_first": 1.0,