{
  "dataset": "gs",
  "subset": "context_protocol_cot",
  "judge": "gemini-3-flash",
  "generated_at": "2026-01-06T00:30:48.680302+00:00",
  "total_models": 7,
  "model_rankings": [
    {
      "samples": 34,
      "target_found_count": 10,
      "target_detection_rate": 0.29411764705882354,
      "precision": 0.9545454545454546,
      "f1_score": 0.44967880085653106,
      "miss_rate": 0.7058823529411764,
      "samples_with_bonus": 21,
      "ancillary_discovery_rate": 0.6176470588235294,
      "verdict_correct_count": 26,
      "verdict_accuracy": 0.7647058823529411,
      "total_findings": 47,
      "avg_findings_per_sample": 1.3823529411764706,
      "true_positives": 42,
      "false_positives": 2,
      "invalid_finding_rate": 0.0425531914893617,
      "false_alarm_density": 0.058823529411764705,
      "avg_rcir": 0.97,
      "avg_ava": 0.9400000000000001,
      "avg_fsv": 0.9800000000000001,
      "classification_counts": {
        "BONUS_VALID": 32,
        "INFORMATIONAL": 2,
        "TARGET_MATCH": 10,
        "DESIGN_CHOICE": 1,
        "MISCHARACTERIZED": 2
      },
      "type_match_distribution": {
        "exact": 2,
        "semantic": 8
      },
      "detector": "gemini-3-pro",
      "rank": 1
    },
    {
      "samples": 34,
      "target_found_count": 9,
      "target_detection_rate": 0.2647058823529412,
      "precision": 0.5689655172413793,
      "f1_score": 0.3613138686131387,
      "miss_rate": 0.7352941176470589,
      "samples_with_bonus": 16,
      "ancillary_discovery_rate": 0.47058823529411764,
      "verdict_correct_count": 28,
      "verdict_accuracy": 0.8235294117647058,
      "total_findings": 74,
      "avg_findings_per_sample": 2.176470588235294,
      "true_positives": 33,
      "false_positives": 25,
      "invalid_finding_rate": 0.33783783783783783,
      "false_alarm_density": 0.7352941176470589,
      "avg_rcir": 0.9888888888888889,
      "avg_ava": 0.9888888888888889,
      "avg_fsv": 0.9777777777777779,
      "classification_counts": {
        "BONUS_VALID": 23,
        "TARGET_MATCH": 10,
        "MISCHARACTERIZED": 25,
        "INFORMATIONAL": 13,
        "DESIGN_CHOICE": 2,
        "SECURITY_THEATER": 1
      },
      "type_match_distribution": {
        "semantic": 9
      },
      "detector": "claude-opus-4-5",
      "rank": 2
    },
    {
      "samples": 34,
      "target_found_count": 8,
      "target_detection_rate": 0.23529411764705882,
      "precision": 0.9615384615384616,
      "f1_score": 0.3780718336483932,
      "miss_rate": 0.7647058823529411,
      "samples_with_bonus": 16,
      "ancillary_discovery_rate": 0.47058823529411764,
      "verdict_correct_count": 22,
      "verdict_accuracy": 0.6470588235294118,
      "total_findings": 27,
      "avg_findings_per_sample": 0.7941176470588235,
      "true_positives": 25,
      "false_positives": 1,
      "invalid_finding_rate": 0.037037037037037035,
      "false_alarm_density": 0.029411764705882353,
      "avg_rcir": 0.95,
      "avg_ava": 0.9,
      "avg_fsv": 0.975,
      "classification_counts": {
        "TARGET_MATCH": 8,
        "BONUS_VALID": 17,
        "INFORMATIONAL": 1,
        "MISCHARACTERIZED": 1
      },
      "type_match_distribution": {
        "semantic": 8
      },
      "detector": "gpt-5.2",
      "rank": 3
    },
    {
      "samples": 34,
      "target_found_count": 3,
      "target_detection_rate": 0.08823529411764706,
      "precision": 0.6842105263157895,
      "f1_score": 0.156312625250501,
      "miss_rate": 0.9117647058823529,
      "samples_with_bonus": 8,
      "ancillary_discovery_rate": 0.23529411764705882,
      "verdict_correct_count": 14,
      "verdict_accuracy": 0.4117647058823529,
      "total_findings": 19,
      "avg_findings_per_sample": 0.5588235294117647,
      "true_positives": 13,
      "false_positives": 6,
      "invalid_finding_rate": 0.3157894736842105,
      "false_alarm_density": 0.17647058823529413,
      "avg_rcir": 1.0,
      "avg_ava": 0.9333333333333332,
      "avg_fsv": 0.9666666666666667,
      "classification_counts": {
        "BONUS_VALID": 10,
        "MISCHARACTERIZED": 6,
        "TARGET_MATCH": 3
      },
      "type_match_distribution": {
        "semantic": 3
      },
      "detector": "grok-4-fast",
      "rank": 4
    },
    {
      "samples": 34,
      "target_found_count": 2,
      "target_detection_rate": 0.058823529411764705,
      "precision": 0.22,
      "f1_score": 0.09282700421940929,
      "miss_rate": 0.9411764705882353,
      "samples_with_bonus": 8,
      "ancillary_discovery_rate": 0.23529411764705882,
      "verdict_correct_count": 32,
      "verdict_accuracy": 0.9411764705882353,
      "total_findings": 60,
      "avg_findings_per_sample": 1.7647058823529411,
      "true_positives": 11,
      "false_positives": 39,
      "invalid_finding_rate": 0.65,
      "false_alarm_density": 1.1470588235294117,
      "avg_rcir": 1.0,
      "avg_ava": 0.9,
      "avg_fsv": 1.0,
      "classification_counts": {
        "TARGET_MATCH": 2,
        "MISCHARACTERIZED": 39,
        "BONUS_VALID": 9,
        "INFORMATIONAL": 8,
        "DESIGN_CHOICE": 2
      },
      "type_match_distribution": {
        "semantic": 2
      },
      "detector": "deepseek-v3-2",
      "rank": 5
    },
    {
      "samples": 34,
      "target_found_count": 2,
      "target_detection_rate": 0.058823529411764705,
      "precision": 0.057692307692307696,
      "f1_score": 0.05825242718446602,
      "miss_rate": 0.9411764705882353,
      "samples_with_bonus": 1,
      "ancillary_discovery_rate": 0.029411764705882353,
      "verdict_correct_count": 31,
      "verdict_accuracy": 0.9117647058823529,
      "total_findings": 66,
      "avg_findings_per_sample": 1.9411764705882353,
      "true_positives": 3,
      "false_positives": 49,
      "invalid_finding_rate": 0.7424242424242424,
      "false_alarm_density": 1.4411764705882353,
      "avg_rcir": 0.75,
      "avg_ava": 0.8,
      "avg_fsv": 0.65,
      "classification_counts": {
        "MISCHARACTERIZED": 49,
        "INFORMATIONAL": 12,
        "DESIGN_CHOICE": 2,
        "PARTIAL_MATCH": 1,
        "TARGET_MATCH": 1,
        "BONUS_VALID": 1
      },
      "type_match_distribution": {
        "semantic": 2
      },
      "detector": "llama-4-maverick",
      "rank": 6
    },
    {
      "samples": 34,
      "target_found_count": 2,
      "target_detection_rate": 0.058823529411764705,
      "precision": 0.08163265306122448,
      "f1_score": 0.06837606837606837,
      "miss_rate": 0.9411764705882353,
      "samples_with_bonus": 2,
      "ancillary_discovery_rate": 0.058823529411764705,
      "verdict_correct_count": 29,
      "verdict_accuracy": 0.8529411764705882,
      "total_findings": 52,
      "avg_findings_per_sample": 1.5294117647058822,
      "true_positives": 4,
      "false_positives": 45,
      "invalid_finding_rate": 0.8653846153846154,
      "false_alarm_density": 1.3235294117647058,
      "avg_rcir": 0.9,
      "avg_ava": 0.75,
      "avg_fsv": 0.8,
      "classification_counts": {
        "MISCHARACTERIZED": 45,
        "INFORMATIONAL": 3,
        "BONUS_VALID": 2,
        "TARGET_MATCH": 1,
        "PARTIAL_MATCH": 1
      },
      "type_match_distribution": {
        "semantic": 2
      },
      "detector": "qwen3-coder-plus",
      "rank": 7
    }
  ]
}