{
  "dataset": "gs",
  "subset": "context_protocol",
  "judge": "gemini-3-flash",
  "generated_at": "2026-01-06T00:30:48.634818+00:00",
  "total_models": 7,
  "model_rankings": [
    {
      "samples": 34,
      "target_found_count": 10,
      "target_detection_rate": 0.29411764705882354,
      "precision": 0.6190476190476191,
      "f1_score": 0.39877300613496935,
      "miss_rate": 0.7058823529411764,
      "samples_with_bonus": 17,
      "ancillary_discovery_rate": 0.5,
      "verdict_correct_count": 30,
      "verdict_accuracy": 0.8823529411764706,
      "total_findings": 81,
      "avg_findings_per_sample": 2.3823529411764706,
      "true_positives": 39,
      "false_positives": 24,
      "invalid_finding_rate": 0.2962962962962963,
      "false_alarm_density": 0.7058823529411765,
      "avg_rcir": 0.9800000000000001,
      "avg_ava": 0.96,
      "avg_fsv": 0.93,
      "classification_counts": {
        "BONUS_VALID": 27,
        "INFORMATIONAL": 17,
        "TARGET_MATCH": 12,
        "MISCHARACTERIZED": 24,
        "SECURITY_THEATER": 1
      },
      "type_match_distribution": {
        "semantic": 10
      },
      "detector": "claude-opus-4-5",
      "rank": 1
    },
    {
      "samples": 34,
      "target_found_count": 8,
      "target_detection_rate": 0.23529411764705882,
      "precision": 0.9523809523809523,
      "f1_score": 0.3773584905660377,
      "miss_rate": 0.7647058823529411,
      "samples_with_bonus": 21,
      "ancillary_discovery_rate": 0.6176470588235294,
      "verdict_correct_count": 24,
      "verdict_accuracy": 0.7058823529411765,
      "total_findings": 44,
      "avg_findings_per_sample": 1.2941176470588236,
      "true_positives": 40,
      "false_positives": 2,
      "invalid_finding_rate": 0.045454545454545456,
      "false_alarm_density": 0.058823529411764705,
      "avg_rcir": 0.9625,
      "avg_ava": 0.9,
      "avg_fsv": 0.9625,
      "classification_counts": {
        "BONUS_VALID": 32,
        "INFORMATIONAL": 1,
        "TARGET_MATCH": 8,
        "MISCHARACTERIZED": 2,
        "DESIGN_CHOICE": 1
      },
      "type_match_distribution": {
        "semantic": 8
      },
      "detector": "gemini-3-pro",
      "rank": 2
    },
    {
      "samples": 34,
      "target_found_count": 4,
      "target_detection_rate": 0.11764705882352941,
      "precision": 0.8695652173913043,
      "f1_score": 0.20725388601036268,
      "miss_rate": 0.8823529411764706,
      "samples_with_bonus": 15,
      "ancillary_discovery_rate": 0.4411764705882353,
      "verdict_correct_count": 21,
      "verdict_accuracy": 0.6176470588235294,
      "total_findings": 24,
      "avg_findings_per_sample": 0.7058823529411765,
      "true_positives": 20,
      "false_positives": 3,
      "invalid_finding_rate": 0.125,
      "false_alarm_density": 0.08823529411764706,
      "avg_rcir": 0.975,
      "avg_ava": 1.0,
      "avg_fsv": 1.0,
      "classification_counts": {
        "TARGET_MATCH": 4,
        "BONUS_VALID": 16,
        "INFORMATIONAL": 1,
        "MISCHARACTERIZED": 3
      },
      "type_match_distribution": {
        "semantic": 4
      },
      "detector": "gpt-5.2",
      "rank": 3
    },
    {
      "samples": 34,
      "target_found_count": 3,
      "target_detection_rate": 0.08823529411764706,
      "precision": 0.8333333333333334,
      "f1_score": 0.1595744680851064,
      "miss_rate": 0.9117647058823529,
      "samples_with_bonus": 7,
      "ancillary_discovery_rate": 0.20588235294117646,
      "verdict_correct_count": 13,
      "verdict_accuracy": 0.38235294117647056,
      "total_findings": 18,
      "avg_findings_per_sample": 0.5294117647058824,
      "true_positives": 15,
      "false_positives": 3,
      "invalid_finding_rate": 0.16666666666666666,
      "false_alarm_density": 0.08823529411764706,
      "avg_rcir": 1.0,
      "avg_ava": 0.9333333333333332,
      "avg_fsv": 1.0,
      "classification_counts": {
        "TARGET_MATCH": 3,
        "MISCHARACTERIZED": 3,
        "BONUS_VALID": 12
      },
      "type_match_distribution": {
        "semantic": 3
      },
      "detector": "grok-4-fast",
      "rank": 4
    },
    {
      "samples": 34,
      "target_found_count": 2,
      "target_detection_rate": 0.058823529411764705,
      "precision": 0.08695652173913043,
      "f1_score": 0.07017543859649121,
      "miss_rate": 0.9411764705882353,
      "samples_with_bonus": 2,
      "ancillary_discovery_rate": 0.058823529411764705,
      "verdict_correct_count": 31,
      "verdict_accuracy": 0.9117647058823529,
      "total_findings": 53,
      "avg_findings_per_sample": 1.5588235294117647,
      "true_positives": 4,
      "false_positives": 42,
      "invalid_finding_rate": 0.7924528301886793,
      "false_alarm_density": 1.2352941176470589,
      "avg_rcir": 0.9,
      "avg_ava": 0.8,
      "avg_fsv": 1.0,
      "classification_counts": {
        "MISCHARACTERIZED": 42,
        "INFORMATIONAL": 6,
        "TARGET_MATCH": 2,
        "BONUS_VALID": 2,
        "SECURITY_THEATER": 1
      },
      "type_match_distribution": {
        "semantic": 2
      },
      "detector": "deepseek-v3-2",
      "rank": 5
    },
    {
      "samples": 34,
      "target_found_count": 1,
      "target_detection_rate": 0.029411764705882353,
      "precision": 0.05714285714285714,
      "f1_score": 0.038834951456310676,
      "miss_rate": 0.9705882352941176,
      "samples_with_bonus": 1,
      "ancillary_discovery_rate": 0.029411764705882353,
      "verdict_correct_count": 24,
      "verdict_accuracy": 0.7058823529411765,
      "total_findings": 39,
      "avg_findings_per_sample": 1.1470588235294117,
      "true_positives": 2,
      "false_positives": 33,
      "invalid_finding_rate": 0.8461538461538461,
      "false_alarm_density": 0.9705882352941176,
      "avg_rcir": 0.9,
      "avg_ava": 0.8,
      "avg_fsv": 0.7,
      "classification_counts": {
        "MISCHARACTERIZED": 33,
        "TARGET_MATCH": 1,
        "DESIGN_CHOICE": 1,
        "INFORMATIONAL": 3,
        "BONUS_VALID": 1
      },
      "type_match_distribution": {
        "semantic": 1
      },
      "detector": "qwen3-coder-plus",
      "rank": 6
    },
    {
      "samples": 34,
      "target_found_count": 0,
      "target_detection_rate": 0.0,
      "precision": 0.038461538461538464,
      "f1_score": 0.0,
      "miss_rate": 1.0,
      "samples_with_bonus": 2,
      "ancillary_discovery_rate": 0.058823529411764705,
      "verdict_correct_count": 31,
      "verdict_accuracy": 0.9117647058823529,
      "total_findings": 66,
      "avg_findings_per_sample": 1.9411764705882353,
      "true_positives": 2,
      "false_positives": 50,
      "invalid_finding_rate": 0.7575757575757576,
      "false_alarm_density": 1.4705882352941178,
      "avg_rcir": null,
      "avg_ava": null,
      "avg_fsv": null,
      "classification_counts": {
        "MISCHARACTERIZED": 50,
        "BONUS_VALID": 2,
        "INFORMATIONAL": 12,
        "DESIGN_CHOICE": 2
      },
      "type_match_distribution": {},
      "detector": "llama-4-maverick",
      "rank": 7
    }
  ]
}