{
  "dataset": "gs",
  "subset": "context_protocol_cot_adversarial",
  "judge": "gemini-3-flash",
  "generated_at": "2026-01-06T00:30:48.721120+00:00",
  "total_models": 7,
  "model_rankings": [
    {
      "samples": 34,
      "target_found_count": 14,
      "target_detection_rate": 0.4117647058823529,
      "precision": 0.5670103092783505,
      "f1_score": 0.47707558859975213,
      "miss_rate": 0.5882352941176471,
      "samples_with_bonus": 25,
      "ancillary_discovery_rate": 0.7352941176470589,
      "verdict_correct_count": 34,
      "verdict_accuracy": 1.0,
      "total_findings": 143,
      "avg_findings_per_sample": 4.205882352941177,
      "true_positives": 55,
      "false_positives": 42,
      "invalid_finding_rate": 0.2937062937062937,
      "false_alarm_density": 1.2352941176470589,
      "avg_rcir": 0.9428571428571428,
      "avg_ava": 0.8857142857142858,
      "avg_fsv": 0.9714285714285714,
      "classification_counts": {
        "BONUS_VALID": 38,
        "MISCHARACTERIZED": 41,
        "DESIGN_CHOICE": 11,
        "INFORMATIONAL": 33,
        "TARGET_MATCH": 15,
        "PARTIAL_MATCH": 2,
        "SECURITY_THEATER": 2,
        "HALLUCINATED": 1
      },
      "type_match_distribution": {
        "semantic": 13,
        "partial": 1
      },
      "detector": "claude-opus-4-5",
      "rank": 1
    },
    {
      "samples": 34,
      "target_found_count": 12,
      "target_detection_rate": 0.35294117647058826,
      "precision": 0.9180327868852459,
      "f1_score": 0.5098634294385433,
      "miss_rate": 0.6470588235294117,
      "samples_with_bonus": 28,
      "ancillary_discovery_rate": 0.8235294117647058,
      "verdict_correct_count": 33,
      "verdict_accuracy": 0.9705882352941176,
      "total_findings": 69,
      "avg_findings_per_sample": 2.0294117647058822,
      "true_positives": 56,
      "false_positives": 5,
      "invalid_finding_rate": 0.07246376811594203,
      "false_alarm_density": 0.14705882352941177,
      "avg_rcir": 0.9583333333333334,
      "avg_ava": 0.9416666666666668,
      "avg_fsv": 0.9916666666666667,
      "classification_counts": {
        "BONUS_VALID": 44,
        "INFORMATIONAL": 7,
        "TARGET_MATCH": 11,
        "MISCHARACTERIZED": 5,
        "DESIGN_CHOICE": 1,
        "PARTIAL_MATCH": 1
      },
      "type_match_distribution": {
        "semantic": 12
      },
      "detector": "gemini-3-pro",
      "rank": 2
    },
    {
      "samples": 34,
      "target_found_count": 12,
      "target_detection_rate": 0.35294117647058826,
      "precision": 0.8918918918918919,
      "f1_score": 0.5057471264367815,
      "miss_rate": 0.6470588235294117,
      "samples_with_bonus": 31,
      "ancillary_discovery_rate": 0.9117647058823529,
      "verdict_correct_count": 32,
      "verdict_accuracy": 0.9411764705882353,
      "total_findings": 94,
      "avg_findings_per_sample": 2.764705882352941,
      "true_positives": 66,
      "false_positives": 8,
      "invalid_finding_rate": 0.0851063829787234,
      "false_alarm_density": 0.23529411764705882,
      "avg_rcir": 0.9416666666666668,
      "avg_ava": 0.9333333333333332,
      "avg_fsv": 0.975,
      "classification_counts": {
        "TARGET_MATCH": 10,
        "BONUS_VALID": 54,
        "MISCHARACTERIZED": 8,
        "INFORMATIONAL": 17,
        "PARTIAL_MATCH": 2,
        "DESIGN_CHOICE": 2,
        "SECURITY_THEATER": 1
      },
      "type_match_distribution": {
        "semantic": 11,
        "exact": 1
      },
      "detector": "gpt-5.2",
      "rank": 3
    },
    {
      "samples": 34,
      "target_found_count": 5,
      "target_detection_rate": 0.14705882352941177,
      "precision": 0.345679012345679,
      "f1_score": 0.20633750921149593,
      "miss_rate": 0.8529411764705882,
      "samples_with_bonus": 15,
      "ancillary_discovery_rate": 0.4411764705882353,
      "verdict_correct_count": 34,
      "verdict_accuracy": 1.0,
      "total_findings": 125,
      "avg_findings_per_sample": 3.676470588235294,
      "true_positives": 28,
      "false_positives": 53,
      "invalid_finding_rate": 0.424,
      "false_alarm_density": 1.5588235294117647,
      "avg_rcir": 0.9400000000000001,
      "avg_ava": 0.8400000000000001,
      "avg_fsv": 1.0,
      "classification_counts": {
        "INFORMATIONAL": 40,
        "BONUS_VALID": 22,
        "MISCHARACTERIZED": 53,
        "PARTIAL_MATCH": 2,
        "DESIGN_CHOICE": 2,
        "TARGET_MATCH": 4,
        "SECURITY_THEATER": 2
      },
      "type_match_distribution": {
        "semantic": 5
      },
      "detector": "deepseek-v3-2",
      "rank": 4
    },
    {
      "samples": 34,
      "target_found_count": 4,
      "target_detection_rate": 0.11764705882352941,
      "precision": 0.8292682926829268,
      "f1_score": 0.20606060606060606,
      "miss_rate": 0.8823529411764706,
      "samples_with_bonus": 16,
      "ancillary_discovery_rate": 0.47058823529411764,
      "verdict_correct_count": 22,
      "verdict_accuracy": 0.6470588235294118,
      "total_findings": 50,
      "avg_findings_per_sample": 1.4705882352941178,
      "true_positives": 34,
      "false_positives": 7,
      "invalid_finding_rate": 0.14,
      "false_alarm_density": 0.20588235294117646,
      "avg_rcir": 1.0,
      "avg_ava": 0.95,
      "avg_fsv": 1.0,
      "classification_counts": {
        "BONUS_VALID": 30,
        "INFORMATIONAL": 9,
        "MISCHARACTERIZED": 7,
        "TARGET_MATCH": 4
      },
      "type_match_distribution": {
        "semantic": 4
      },
      "detector": "grok-4-fast",
      "rank": 5
    },
    {
      "samples": 34,
      "target_found_count": 4,
      "target_detection_rate": 0.11764705882352941,
      "precision": 0.06756756756756757,
      "f1_score": 0.08583690987124465,
      "miss_rate": 0.8823529411764706,
      "samples_with_bonus": 1,
      "ancillary_discovery_rate": 0.029411764705882353,
      "verdict_correct_count": 34,
      "verdict_accuracy": 1.0,
      "total_findings": 95,
      "avg_findings_per_sample": 2.7941176470588234,
      "true_positives": 5,
      "false_positives": 69,
      "invalid_finding_rate": 0.7263157894736842,
      "false_alarm_density": 2.0294117647058822,
      "avg_rcir": 0.775,
      "avg_ava": 0.675,
      "avg_fsv": 0.75,
      "classification_counts": {
        "MISCHARACTERIZED": 69,
        "SECURITY_THEATER": 7,
        "INFORMATIONAL": 11,
        "PARTIAL_MATCH": 2,
        "TARGET_MATCH": 2,
        "DESIGN_CHOICE": 3,
        "BONUS_VALID": 1
      },
      "type_match_distribution": {
        "partial": 1,
        "semantic": 3
      },
      "detector": "qwen3-coder-plus",
      "rank": 6
    },
    {
      "samples": 34,
      "target_found_count": 0,
      "target_detection_rate": 0.0,
      "precision": 0.07894736842105263,
      "f1_score": 0.0,
      "miss_rate": 1.0,
      "samples_with_bonus": 2,
      "ancillary_discovery_rate": 0.058823529411764705,
      "verdict_correct_count": 29,
      "verdict_accuracy": 0.8529411764705882,
      "total_findings": 53,
      "avg_findings_per_sample": 1.5588235294117647,
      "true_positives": 3,
      "false_positives": 35,
      "invalid_finding_rate": 0.660377358490566,
      "false_alarm_density": 1.0294117647058822,
      "avg_rcir": null,
      "avg_ava": null,
      "avg_fsv": null,
      "classification_counts": {
        "MISCHARACTERIZED": 35,
        "INFORMATIONAL": 15,
        "BONUS_VALID": 2,
        "PARTIAL_MATCH": 1
      },
      "type_match_distribution": {},
      "detector": "llama-4-maverick",
      "rank": 7
    }
  ]
}