{
  "dataset": "gs",
  "subset": "direct",
  "judge": "gemini-3-flash",
  "generated_at": "2026-01-06T00:30:48.591274+00:00",
  "total_models": 7,
  "model_rankings": [
    {
      "samples": 34,
      "target_found_count": 9,
      "target_detection_rate": 0.2647058823529412,
      "precision": 0.8974358974358975,
      "f1_score": 0.408825438027255,
      "miss_rate": 0.7352941176470589,
      "samples_with_bonus": 19,
      "ancillary_discovery_rate": 0.5588235294117647,
      "verdict_correct_count": 28,
      "verdict_accuracy": 0.8235294117647058,
      "total_findings": 39,
      "avg_findings_per_sample": 1.1470588235294117,
      "true_positives": 35,
      "false_positives": 4,
      "invalid_finding_rate": 0.10256410256410256,
      "false_alarm_density": 0.11764705882352941,
      "avg_rcir": 0.9777777777777779,
      "avg_ava": 0.9555555555555555,
      "avg_fsv": 0.9444444444444444,
      "classification_counts": {
        "BONUS_VALID": 26,
        "TARGET_MATCH": 9,
        "MISCHARACTERIZED": 4
      },
      "type_match_distribution": {
        "semantic": 8,
        "exact": 1
      },
      "detector": "gemini-3-pro-hyper-extended",
      "rank": 1
    },
    {
      "samples": 34,
      "target_found_count": 4,
      "target_detection_rate": 0.11764705882352941,
      "precision": 0.5476190476190477,
      "f1_score": 0.1936842105263158,
      "miss_rate": 0.8823529411764706,
      "samples_with_bonus": 13,
      "ancillary_discovery_rate": 0.38235294117647056,
      "verdict_correct_count": 23,
      "verdict_accuracy": 0.6764705882352942,
      "total_findings": 56,
      "avg_findings_per_sample": 1.6470588235294117,
      "true_positives": 23,
      "false_positives": 19,
      "invalid_finding_rate": 0.3392857142857143,
      "false_alarm_density": 0.5588235294117647,
      "avg_rcir": 0.975,
      "avg_ava": 1.0,
      "avg_fsv": 0.925,
      "classification_counts": {
        "DESIGN_CHOICE": 3,
        "BONUS_VALID": 17,
        "INFORMATIONAL": 10,
        "TARGET_MATCH": 6,
        "MISCHARACTERIZED": 19,
        "SECURITY_THEATER": 1
      },
      "type_match_distribution": {
        "semantic": 4
      },
      "detector": "claude-opus-4-5",
      "rank": 2
    },
    {
      "samples": 34,
      "target_found_count": 3,
      "target_detection_rate": 0.08823529411764706,
      "precision": 1.0,
      "f1_score": 0.1621621621621622,
      "miss_rate": 0.9117647058823529,
      "samples_with_bonus": 13,
      "ancillary_discovery_rate": 0.38235294117647056,
      "verdict_correct_count": 15,
      "verdict_accuracy": 0.4411764705882353,
      "total_findings": 17,
      "avg_findings_per_sample": 0.5,
      "true_positives": 17,
      "false_positives": 0,
      "invalid_finding_rate": 0.0,
      "false_alarm_density": 0.0,
      "avg_rcir": 1.0,
      "avg_ava": 1.0,
      "avg_fsv": 1.0,
      "classification_counts": {
        "TARGET_MATCH": 3,
        "BONUS_VALID": 14
      },
      "type_match_distribution": {
        "semantic": 3
      },
      "detector": "gpt-5.2",
      "rank": 3
    },
    {
      "samples": 34,
      "target_found_count": 1,
      "target_detection_rate": 0.029411764705882353,
      "precision": 0.15151515151515152,
      "f1_score": 0.04926108374384237,
      "miss_rate": 0.9705882352941176,
      "samples_with_bonus": 4,
      "ancillary_discovery_rate": 0.11764705882352941,
      "verdict_correct_count": 26,
      "verdict_accuracy": 0.7647058823529411,
      "total_findings": 42,
      "avg_findings_per_sample": 1.2352941176470589,
      "true_positives": 5,
      "false_positives": 28,
      "invalid_finding_rate": 0.6666666666666666,
      "false_alarm_density": 0.8235294117647058,
      "avg_rcir": 0.9,
      "avg_ava": 0.9,
      "avg_fsv": 0.7,
      "classification_counts": {
        "MISCHARACTERIZED": 28,
        "BONUS_VALID": 4,
        "INFORMATIONAL": 6,
        "DESIGN_CHOICE": 1,
        "OUT_OF_SCOPE": 2,
        "TARGET_MATCH": 1
      },
      "type_match_distribution": {
        "semantic": 1
      },
      "detector": "deepseek-v3-2",
      "rank": 4
    },
    {
      "samples": 34,
      "target_found_count": 1,
      "target_detection_rate": 0.029411764705882353,
      "precision": 0.625,
      "f1_score": 0.056179775280898875,
      "miss_rate": 0.9705882352941176,
      "samples_with_bonus": 4,
      "ancillary_discovery_rate": 0.11764705882352941,
      "verdict_correct_count": 7,
      "verdict_accuracy": 0.20588235294117646,
      "total_findings": 8,
      "avg_findings_per_sample": 0.23529411764705882,
      "true_positives": 5,
      "false_positives": 3,
      "invalid_finding_rate": 0.375,
      "false_alarm_density": 0.08823529411764706,
      "avg_rcir": 1.0,
      "avg_ava": 1.0,
      "avg_fsv": 1.0,
      "classification_counts": {
        "BONUS_VALID": 4,
        "MISCHARACTERIZED": 3,
        "TARGET_MATCH": 1
      },
      "type_match_distribution": {
        "semantic": 1
      },
      "detector": "grok-4-fast",
      "rank": 5
    },
    {
      "samples": 34,
      "target_found_count": 1,
      "target_detection_rate": 0.029411764705882353,
      "precision": 0.075,
      "f1_score": 0.04225352112676057,
      "miss_rate": 0.9705882352941176,
      "samples_with_bonus": 2,
      "ancillary_discovery_rate": 0.058823529411764705,
      "verdict_correct_count": 26,
      "verdict_accuracy": 0.7647058823529411,
      "total_findings": 47,
      "avg_findings_per_sample": 1.3823529411764706,
      "true_positives": 3,
      "false_positives": 37,
      "invalid_finding_rate": 0.7872340425531915,
      "false_alarm_density": 1.088235294117647,
      "avg_rcir": 0.5,
      "avg_ava": 0.4,
      "avg_fsv": 0.3,
      "classification_counts": {
        "MISCHARACTERIZED": 37,
        "DESIGN_CHOICE": 2,
        "BONUS_VALID": 2,
        "INFORMATIONAL": 5,
        "PARTIAL_MATCH": 1
      },
      "type_match_distribution": {
        "semantic": 1
      },
      "detector": "llama-4-maverick",
      "rank": 6
    },
    {
      "samples": 34,
      "target_found_count": 0,
      "target_detection_rate": 0.0,
      "precision": 0.05555555555555555,
      "f1_score": 0.0,
      "miss_rate": 1.0,
      "samples_with_bonus": 1,
      "ancillary_discovery_rate": 0.029411764705882353,
      "verdict_correct_count": 17,
      "verdict_accuracy": 0.5,
      "total_findings": 24,
      "avg_findings_per_sample": 0.7058823529411765,
      "true_positives": 1,
      "false_positives": 17,
      "invalid_finding_rate": 0.7083333333333334,
      "false_alarm_density": 0.5,
      "avg_rcir": null,
      "avg_ava": null,
      "avg_fsv": null,
      "classification_counts": {
        "MISCHARACTERIZED": 17,
        "INFORMATIONAL": 4,
        "SECURITY_THEATER": 2,
        "BONUS_VALID": 1
      },
      "type_match_distribution": {},
      "detector": "qwen3-coder-plus",
      "rank": 7
    }
  ]
}