{
  "total_samples": 32,
  "vulnerable_samples": 32,
  "safe_samples": 0,
  "detection": {
    "accuracy": 0.96875,
    "precision": 1.0,
    "recall": 0.96875,
    "f1": 0.9841269841269841,
    "f2": 0.9748427672955975,
    "fpr": 0,
    "fnr": 0.03125,
    "tp": 31,
    "tn": 0,
    "fp": 0,
    "fn": 1
  },
  "target_finding": {
    "target_detection_rate": 0.53125,
    "lucky_guess_rate": 0.45161290322580644,
    "bonus_discovery_rate": 0.65625,
    "target_found_count": 17,
    "lucky_guess_count": 14
  },
  "finding_quality": {
    "finding_precision": 0.7647058823529411,
    "invalid_rate": 0.23529411764705882,
    "hallucination_rate": 0.0,
    "over_flagging_score": 0.5,
    "avg_findings_per_sample": 2.125,
    "total_findings": 68,
    "valid_findings": 52,
    "invalid_findings": 16,
    "hallucinated_findings": 0
  },
  "reasoning_quality": {
    "mean_rcir": 0.9852941176470589,
    "mean_ava": 1.0,
    "mean_fsv": 0.9558823529411765,
    "std_rcir": 0.058823529411764705,
    "std_ava": 0.0,
    "std_fsv": 0.09530501027070382,
    "n_samples_with_reasoning": 17
  },
  "type_accuracy": {
    "exact_match_rate": 0.5882352941176471,
    "semantic_match_rate": 1.0,
    "partial_match_rate": 0.0,
    "n_samples": 17
  },
  "calibration": {
    "ece": 0.015625,
    "mce": 0.015625,
    "overconfidence_rate": 0.03125,
    "underconfidence_rate": 0.0,
    "brier_score": 0.02890625,
    "n_samples": 32
  },
  "composite": {
    "true_understanding_score": 0.3982843137254902,
    "sui": 0.8347646133925268,
    "sui_components": {
      "f2": 0.9748427672955975,
      "target_detection": 0.53125,
      "finding_precision": 0.7647058823529411,
      "avg_reasoning": 0.9803921568627452,
      "calibration": 0.984375
    },
    "lucky_guess_indicator": 0.4375
  },
  "by_prompt_type": {
    "direct": {
      "total_samples": 32,
      "vulnerable_samples": 32,
      "safe_samples": 0,
      "detection": {
        "accuracy": 0.96875,
        "precision": 1.0,
        "recall": 0.96875,
        "f1": 0.9841269841269841,
        "f2": 0.9748427672955975,
        "fpr": 0,
        "fnr": 0.03125,
        "tp": 31,
        "tn": 0,
        "fp": 0,
        "fn": 1
      },
      "target_finding": {
        "target_detection_rate": 0.53125,
        "lucky_guess_rate": 0.45161290322580644,
        "bonus_discovery_rate": 0.65625,
        "target_found_count": 17,
        "lucky_guess_count": 14
      },
      "finding_quality": {
        "finding_precision": 0.7647058823529411,
        "invalid_rate": 0.23529411764705882,
        "hallucination_rate": 0.0,
        "over_flagging_score": 0.5,
        "avg_findings_per_sample": 2.125,
        "total_findings": 68,
        "valid_findings": 52,
        "invalid_findings": 16,
        "hallucinated_findings": 0
      },
      "reasoning_quality": {
        "mean_rcir": 0.9852941176470589,
        "mean_ava": 1.0,
        "mean_fsv": 0.9558823529411765,
        "std_rcir": 0.058823529411764705,
        "std_ava": 0.0,
        "std_fsv": 0.09530501027070382,
        "n_samples_with_reasoning": 17
      },
      "type_accuracy": {
        "exact_match_rate": 0.5882352941176471,
        "semantic_match_rate": 1.0,
        "partial_match_rate": 0.0,
        "n_samples": 17
      },
      "calibration": {
        "ece": 0.015625,
        "mce": 0.015625,
        "overconfidence_rate": 0.03125,
        "underconfidence_rate": 0.0,
        "brier_score": 0.02890625,
        "n_samples": 32
      },
      "composite": {
        "true_understanding_score": 0.3982843137254902,
        "sui": 0.8347646133925268,
        "sui_components": {
          "f2": 0.9748427672955975,
          "target_detection": 0.53125,
          "finding_precision": 0.7647058823529411,
          "avg_reasoning": 0.9803921568627452,
          "calibration": 0.984375
        },
        "lucky_guess_indicator": 0.4375
      }
    }
  }
}