{
  "total_samples": 49,
  "vulnerable_samples": 49,
  "safe_samples": 0,
  "detection": {
    "accuracy": 0.9795918367346939,
    "precision": 1.0,
    "recall": 0.9795918367346939,
    "f1": 0.9896907216494846,
    "f2": 0.9836065573770492,
    "fpr": 0,
    "fnr": 0.02040816326530612,
    "tp": 48,
    "tn": 0,
    "fp": 0,
    "fn": 1
  },
  "target_finding": {
    "target_detection_rate": 0.6122448979591837,
    "lucky_guess_rate": 0.375,
    "bonus_discovery_rate": 0.6530612244897959,
    "target_found_count": 30,
    "lucky_guess_count": 18
  },
  "finding_quality": {
    "finding_precision": 0.75,
    "invalid_rate": 0.25,
    "hallucination_rate": 0.009259259259259259,
    "over_flagging_score": 0.5510204081632653,
    "avg_findings_per_sample": 2.204081632653061,
    "total_findings": 108,
    "valid_findings": 81,
    "invalid_findings": 27,
    "hallucinated_findings": 1
  },
  "reasoning_quality": {
    "mean_rcir": 0.975,
    "mean_ava": 0.975,
    "mean_fsv": 0.9416666666666667,
    "std_rcir": 0.09895285072531597,
    "std_ava": 0.1346291201783626,
    "std_fsv": 0.19021187017522215,
    "n_samples_with_reasoning": 30
  },
  "type_accuracy": {
    "exact_match_rate": 0.7333333333333333,
    "semantic_match_rate": 1.0,
    "partial_match_rate": 0.0,
    "n_samples": 30
  },
  "calibration": {
    "ece": 0.011224489795918457,
    "mce": 0.09999999999999998,
    "overconfidence_rate": 0.020408163265306145,
    "underconfidence_rate": 0.0,
    "brier_score": 0.019438775510204086,
    "n_samples": 49
  },
  "composite": {
    "true_understanding_score": 0.4426020408163266,
    "sui": 0.8513126370766886,
    "sui_components": {
      "f2": 0.9836065573770492,
      "target_detection": 0.6122448979591837,
      "finding_precision": 0.75,
      "avg_reasoning": 0.9638888888888889,
      "calibration": 0.9887755102040815
    },
    "lucky_guess_indicator": 0.36734693877551017
  },
  "by_prompt_type": {
    "direct": {
      "total_samples": 49,
      "vulnerable_samples": 49,
      "safe_samples": 0,
      "detection": {
        "accuracy": 0.9795918367346939,
        "precision": 1.0,
        "recall": 0.9795918367346939,
        "f1": 0.9896907216494846,
        "f2": 0.9836065573770492,
        "fpr": 0,
        "fnr": 0.02040816326530612,
        "tp": 48,
        "tn": 0,
        "fp": 0,
        "fn": 1
      },
      "target_finding": {
        "target_detection_rate": 0.6122448979591837,
        "lucky_guess_rate": 0.375,
        "bonus_discovery_rate": 0.6530612244897959,
        "target_found_count": 30,
        "lucky_guess_count": 18
      },
      "finding_quality": {
        "finding_precision": 0.75,
        "invalid_rate": 0.25,
        "hallucination_rate": 0.009259259259259259,
        "over_flagging_score": 0.5510204081632653,
        "avg_findings_per_sample": 2.204081632653061,
        "total_findings": 108,
        "valid_findings": 81,
        "invalid_findings": 27,
        "hallucinated_findings": 1
      },
      "reasoning_quality": {
        "mean_rcir": 0.975,
        "mean_ava": 0.975,
        "mean_fsv": 0.9416666666666667,
        "std_rcir": 0.09895285072531597,
        "std_ava": 0.1346291201783626,
        "std_fsv": 0.19021187017522215,
        "n_samples_with_reasoning": 30
      },
      "type_accuracy": {
        "exact_match_rate": 0.7333333333333333,
        "semantic_match_rate": 1.0,
        "partial_match_rate": 0.0,
        "n_samples": 30
      },
      "calibration": {
        "ece": 0.011224489795918457,
        "mce": 0.09999999999999998,
        "overconfidence_rate": 0.020408163265306145,
        "underconfidence_rate": 0.0,
        "brier_score": 0.019438775510204086,
        "n_samples": 49
      },
      "composite": {
        "true_understanding_score": 0.4426020408163266,
        "sui": 0.8513126370766886,
        "sui_components": {
          "f2": 0.9836065573770492,
          "target_detection": 0.6122448979591837,
          "finding_precision": 0.75,
          "avg_reasoning": 0.9638888888888889,
          "calibration": 0.9887755102040815
        },
        "lucky_guess_indicator": 0.36734693877551017
      }
    }
  }
}