{
  "expert1_vs_judge": {
    "claude_opus_4.5": {
      "n_samples": 27,
      "target_found": {
        "agreement_pct": 92.5925925925926,
        "cohen_kappa": 0.8524590163934427
      },
      "type_match": {
        "agreement_pct": 40.74074074074074,
        "cohen_kappa": 0.2627986348122866
      },
      "overall": {
        "pearson_r": 0.8618916073713345,
        "p_value": 7.672624862990192e-09
      }
    },
    "deepseek_v3.2": {
      "n_samples": 28,
      "target_found": {
        "agreement_pct": 92.85714285714286,
        "cohen_kappa": 0.8453038674033149
      },
      "type_match": {
        "agreement_pct": 28.57142857142857,
        "cohen_kappa": 0.20454545454545447
      },
      "overall": {
        "pearson_r": 0.8556035391861948,
        "p_value": 6.561956815975497e-09
      }
    },
    "gemini_3_pro_preview": {
      "n_samples": 25,
      "target_found": {
        "agreement_pct": 92.0,
        "cohen_kappa": 0.8407643312101911
      },
      "type_match": {
        "agreement_pct": 40.0,
        "cohen_kappa": 0.25742574257425754
      },
      "overall": {
        "pearson_r": 0.8516306272526398,
        "p_value": 6.715424315382931e-08
      }
    }
  },
  "expert2_vs_judge": {
    "gpt-5.2": {
      "n_samples": 13,
      "target_found": {
        "agreement_pct": 92.3076923076923,
        "cohen_kappa": 0.8433734939759037
      },
      "type_match": {
        "agreement_pct": 30.76923076923077,
        "cohen_kappa": 0.21476510067114107
      },
      "overall": {
        "pearson_r": 0.8539125638299667,
        "p_value": 0.0002032837169397901
      }
    },
    "grok_4": {
      "n_samples": 12,
      "target_found": {
        "agreement_pct": 91.66666666666666,
        "cohen_kappa": 0.8333333333333334
      },
      "type_match": {
        "agreement_pct": 41.66666666666667,
        "cohen_kappa": 0.2941176470588235
      },
      "overall": {
        "pearson_r": 0.8451542547285167,
        "p_value": 0.0005373336027564511
      }
    },
    "Llama": {
      "n_samples": 11,
      "target_found": {
        "agreement_pct": 90.9090909090909,
        "cohen_kappa": 0.6206896551724137
      },
      "type_match": {
        "agreement_pct": 9.090909090909092,
        "cohen_kappa": 0.08333333333333337
      },
      "overall": {
        "pearson_r": 0.6708203932499368,
        "p_value": 0.023856384540122066
      }
    }
  },
  "combined": {
    "n_samples": 116,
    "target_found": {
      "agreement_pct": 92.24137931034483,
      "cohen_kappa": 0.8405620036652413
    },
    "type_match": {
      "agreement_pct": 33.62068965517241,
      "cohen_kappa": 0.23409363745498202
    },
    "overall": {
      "pearson_r": 0.8514538487084934,
      "p_value": 9.667181075310502e-34
    }
  },
  "sample_overlap": 11,
  "expert1_total": 80,
  "expert2_total": 36
}