{
  "detector": "llama-4-maverick",
  "tier": "tier3",
  "judge_model": "mistral-large",
  "timestamp": "2026-01-06T03:04:56.997465+00:00",
  "sample_counts": {
    "total": 30,
    "successful_evaluations": 30,
    "failed_evaluations": 0
  },
  "detection_metrics": {
    "target_found_count": 14,
    "target_detection_rate": 0.4666666666666667,
    "miss_rate": 0.5333333333333333,
    "lucky_guess_count": 7,
    "lucky_guess_rate": 0.23333333333333334,
    "samples_with_bonus": 13,
    "ancillary_discovery_rate": 0.43333333333333335,
    "verdict_correct_count": 30,
    "verdict_accuracy": 1.0,
    "total_findings": 65,
    "avg_findings_per_sample": 2.1666666666666665,
    "true_positives": 28,
    "false_positives": 37,
    "precision": 0.4307692307692308,
    "invalid_finding_rate": 0.5692307692307692,
    "false_alarm_density": 1.2333333333333334,
    "f1_score": 0.44800000000000006
  },
  "quality_scores": {
    "avg_rcir": 0.9071428571428571,
    "avg_ava": 0.8785714285714287,
    "avg_fsv": 0.8428571428571429,
    "std_rcir": 0.1328057326976612,
    "std_ava": 0.11883130530663678,
    "std_fsv": 0.1827747066926751,
    "count": 14
  },
  "classification_totals": {
    "target_matches": 12,
    "partial_matches": 3,
    "bonus_valid": 13,
    "invalid": 9,
    "mischaracterized": 10,
    "design_choice": 0,
    "out_of_scope": 0,
    "security_theater": 2,
    "informational": 16
  },
  "type_match_distribution": {
    "exact": 1,
    "semantic": 11,
    "partial": 2,
    "wrong": 3,
    "not_mentioned": 13
  },
  "by_vulnerability_type": {
    "logic_error": {
      "total_samples": 7,
      "target_found_count": 4,
      "target_detection_rate": 0.5714285714285714,
      "miss_rate": 0.4285714285714286,
      "lucky_guess_count": 3,
      "lucky_guess_rate": 0.42857142857142855,
      "samples_with_bonus": 1,
      "ancillary_discovery_rate": 0.14285714285714285,
      "verdict_correct_count": 7,
      "verdict_accuracy": 1.0,
      "total_findings": 9,
      "avg_findings_per_sample": 1.2857142857142858,
      "true_positives": 5,
      "false_positives": 4,
      "precision": 0.5555555555555556,
      "invalid_finding_rate": 0.4444444444444444,
      "false_alarm_density": 0.5714285714285714,
      "f1_score": 0.5633802816901409,
      "classifications": {
        "target_matches": 3,
        "partial_matches": 1,
        "bonus_valid": 1,
        "invalid": 4,
        "mischaracterized": 0,
        "design_choice": 0,
        "out_of_scope": 0,
        "security_theater": 0,
        "informational": 0
      },
      "type_match_distribution": {
        "exact": 0,
        "semantic": 3,
        "partial": 1,
        "wrong": 2,
        "not_mentioned": 1
      },
      "quality_scores": {
        "avg_rcir": 0.85,
        "avg_ava": 0.85,
        "avg_fsv": 0.775,
        "std_rcir": 0.23804761428476168,
        "std_ava": 0.17320508075688776,
        "std_fsv": 0.26299556396765833,
        "count": 4
      }
    },
    "token_incompatibility": {
      "total_samples": 1,
      "target_found_count": 0,
      "target_detection_rate": 0.0,
      "miss_rate": 1.0,
      "lucky_guess_count": 0,
      "lucky_guess_rate": 0.0,
      "samples_with_bonus": 1,
      "ancillary_discovery_rate": 1.0,
      "verdict_correct_count": 1,
      "verdict_accuracy": 1.0,
      "total_findings": 3,
      "avg_findings_per_sample": 3.0,
      "true_positives": 1,
      "false_positives": 2,
      "precision": 0.3333333333333333,
      "invalid_finding_rate": 0.6666666666666666,
      "false_alarm_density": 2.0,
      "f1_score": 0.0,
      "classifications": {
        "target_matches": 0,
        "partial_matches": 0,
        "bonus_valid": 1,
        "invalid": 0,
        "mischaracterized": 2,
        "design_choice": 0,
        "out_of_scope": 0,
        "security_theater": 0,
        "informational": 0
      },
      "type_match_distribution": {
        "exact": 0,
        "semantic": 0,
        "partial": 0,
        "wrong": 0,
        "not_mentioned": 1
      },
      "quality_scores": {
        "avg_rcir": null,
        "avg_ava": null,
        "avg_fsv": null,
        "std_rcir": null,
        "std_ava": null,
        "std_fsv": null,
        "count": 0
      }
    },
    "approval_scam": {
      "total_samples": 1,
      "target_found_count": 0,
      "target_detection_rate": 0.0,
      "miss_rate": 1.0,
      "lucky_guess_count": 0,
      "lucky_guess_rate": 0.0,
      "samples_with_bonus": 1,
      "ancillary_discovery_rate": 1.0,
      "verdict_correct_count": 1,
      "verdict_accuracy": 1.0,
      "total_findings": 3,
      "avg_findings_per_sample": 3.0,
      "true_positives": 1,
      "false_positives": 2,
      "precision": 0.3333333333333333,
      "invalid_finding_rate": 0.6666666666666666,
      "false_alarm_density": 2.0,
      "f1_score": 0.0,
      "classifications": {
        "target_matches": 0,
        "partial_matches": 0,
        "bonus_valid": 1,
        "invalid": 1,
        "mischaracterized": 0,
        "design_choice": 0,
        "out_of_scope": 0,
        "security_theater": 0,
        "informational": 1
      },
      "type_match_distribution": {
        "exact": 0,
        "semantic": 0,
        "partial": 0,
        "wrong": 0,
        "not_mentioned": 1
      },
      "quality_scores": {
        "avg_rcir": null,
        "avg_ava": null,
        "avg_fsv": null,
        "std_rcir": null,
        "std_ava": null,
        "std_fsv": null,
        "count": 0
      }
    },
    "precision_loss": {
      "total_samples": 1,
      "target_found_count": 0,
      "target_detection_rate": 0.0,
      "miss_rate": 1.0,
      "lucky_guess_count": 1,
      "lucky_guess_rate": 1.0,
      "samples_with_bonus": 0,
      "ancillary_discovery_rate": 0.0,
      "verdict_correct_count": 1,
      "verdict_accuracy": 1.0,
      "total_findings": 1,
      "avg_findings_per_sample": 1.0,
      "true_positives": 0,
      "false_positives": 1,
      "precision": 0.0,
      "invalid_finding_rate": 1.0,
      "false_alarm_density": 1.0,
      "f1_score": null,
      "classifications": {
        "target_matches": 0,
        "partial_matches": 0,
        "bonus_valid": 0,
        "invalid": 1,
        "mischaracterized": 0,
        "design_choice": 0,
        "out_of_scope": 0,
        "security_theater": 0,
        "informational": 0
      },
      "type_match_distribution": {
        "exact": 0,
        "semantic": 0,
        "partial": 0,
        "wrong": 1,
        "not_mentioned": 0
      },
      "quality_scores": {
        "avg_rcir": null,
        "avg_ava": null,
        "avg_fsv": null,
        "std_rcir": null,
        "std_ava": null,
        "std_fsv": null,
        "count": 0
      }
    },
    "unchecked_call": {
      "total_samples": 2,
      "target_found_count": 2,
      "target_detection_rate": 1.0,
      "miss_rate": 0.0,
      "lucky_guess_count": 0,
      "lucky_guess_rate": 0.0,
      "samples_with_bonus": 0,
      "ancillary_discovery_rate": 0.0,
      "verdict_correct_count": 2,
      "verdict_accuracy": 1.0,
      "total_findings": 2,
      "avg_findings_per_sample": 1.0,
      "true_positives": 2,
      "false_positives": 0,
      "precision": 1.0,
      "invalid_finding_rate": 0.0,
      "false_alarm_density": 0.0,
      "f1_score": 1.0,
      "classifications": {
        "target_matches": 1,
        "partial_matches": 1,
        "bonus_valid": 0,
        "invalid": 0,
        "mischaracterized": 0,
        "design_choice": 0,
        "out_of_scope": 0,
        "security_theater": 0,
        "informational": 0
      },
      "type_match_distribution": {
        "exact": 0,
        "semantic": 1,
        "partial": 1,
        "wrong": 0,
        "not_mentioned": 0
      },
      "quality_scores": {
        "avg_rcir": 0.95,
        "avg_ava": 0.9,
        "avg_fsv": 0.9,
        "std_rcir": 0.07071067811865474,
        "std_ava": 0.14142135623730948,
        "std_fsv": 0.14142135623730948,