{
  "snapshot_timestamp": "2025-12-18T15:37:34.118455",
  "sample_count": 53,
  "metrics": {
    "total_samples": 53,
    "vulnerable_samples": 53,
    "safe_samples": 0,
    "detection": {
      "accuracy": 0.9245283018867925,
      "precision": 1.0,
      "recall": 0.9245283018867925,
      "f1": 0.9607843137254902,
      "f2": 0.9386973180076629,
      "fpr": 0,
      "fnr": 0.07547169811320754,
      "tp": 49,
      "tn": 0,
      "fp": 0,
      "fn": 4
    },
    "target_finding": {
      "target_detection_rate": 0.41509433962264153,
      "lucky_guess_rate": 0.5510204081632653,
      "bonus_discovery_rate": 0.660377358490566,
      "target_found_count": 22,
      "lucky_guess_count": 27
    },
    "finding_quality": {
      "finding_precision": 0.6201550387596899,
      "invalid_rate": 0.3798449612403101,
      "hallucination_rate": 0.03875968992248062,
      "over_flagging_score": 0.9245283018867925,
      "avg_findings_per_sample": 2.4339622641509435,
      "total_findings": 129,
      "valid_findings": 80,
      "invalid_findings": 49,
      "hallucinated_findings": 5
    },
    "reasoning_quality": {
      "mean_rcir": 0.9318181818181818,
      "mean_ava": 0.9431818181818182,
      "mean_fsv": 0.8977272727272727,
      "std_rcir": 0.11134044285378084,
      "std_ava": 0.12906609876818803,
      "std_fsv": 0.16270251208268585,
      "n_samples_with_reasoning": 22
    },
    "type_accuracy": {
      "exact_match_rate": 0.6363636363636364,
      "semantic_match_rate": 1.0,
      "partial_match_rate": 0.0,
      "n_samples": 22
    },
    "calibration": {
      "ece": 0.09339622641509421,
      "mce": 0.09999999999999998,
      "overconfidence_rate": 0.07547169811320753,
      "underconfidence_rate": 0.0,
      "brier_score": 0.07382075471698112,
      "n_samples": 53
    },
    "composite": {
      "true_understanding_score": 0.23792111549900055,
      "sui": 0.7531921536406262,
      "sui_components": {
        "f2": 0.9386973180076629,
        "target_detection": 0.41509433962264153,
        "finding_precision": 0.6201550387596899,
        "avg_reasoning": 0.9242424242424242,
        "calibration": 0.9066037735849057
      },
      "lucky_guess_indicator": 0.5094339622641509
    },
    "by_prompt_type": {
      "direct": {
        "total_samples": 53,
        "vulnerable_samples": 53,
        "safe_samples": 0,
        "detection": {
          "accuracy": 0.9245283018867925,
          "precision": 1.0,
          "recall": 0.9245283018867925,
          "f1": 0.9607843137254902,
          "f2": 0.9386973180076629,
          "fpr": 0,
          "fnr": 0.07547169811320754,
          "tp": 49,
          "tn": 0,
          "fp": 0,
          "fn": 4
        },
        "target_finding": {
          "target_detection_rate": 0.41509433962264153,
          "lucky_guess_rate": 0.5510204081632653,
          "bonus_discovery_rate": 0.660377358490566,
          "target_found_count": 22,
          "lucky_guess_count": 27
        },
        "finding_quality": {
          "finding_precision": 0.6201550387596899,
          "invalid_rate": 0.3798449612403101,
          "hallucination_rate": 0.03875968992248062,
          "over_flagging_score": 0.9245283018867925,
          "avg_findings_per_sample": 2.4339622641509435,
          "total_findings": 129,
          "valid_findings": 80,
          "invalid_findings": 49,
          "hallucinated_findings": 5
        },
        "reasoning_quality": {
          "mean_rcir": 0.9318181818181818,
          "mean_ava": 0.9431818181818182,
          "mean_fsv": 0.8977272727272727,
          "std_rcir": 0.11134044285378084,
          "std_ava": 0.12906609876818803,
          "std_fsv": 0.16270251208268585,
          "n_samples_with_reasoning": 22
        },
        "type_accuracy": {
          "exact_match_rate": 0.6363636363636364,
          "semantic_match_rate": 1.0,
          "partial_match_rate": 0.0,
          "n_samples": 22
        },
        "calibration": {
          "ece": 0.09339622641509421,
          "mce": 0.09999999999999998,
          "overconfidence_rate": 0.07547169811320753,
          "underconfidence_rate": 0.0,
          "brier_score": 0.07382075471698112,
          "n_samples": 53
        },
        "composite": {
          "true_understanding_score": 0.23792111549900055,
          "sui": 0.7531921536406262,
          "sui_components": {
            "f2": 0.9386973180076629,
            "target_detection": 0.41509433962264153,
            "finding_precision": 0.6201550387596899,
            "avg_reasoning": 0.9242424242424242,
            "calibration": 0.9066037735849057
          },
          "lucky_guess_indicator": 0.5094339622641509
        }
      }
    }
  }
}