{
  "snapshot_timestamp": "2025-12-18T17:13:23.343105",
  "sample_count": 58,
  "metrics": {
    "total_samples": 58,
    "vulnerable_samples": 58,
    "safe_samples": 0,
    "detection": {
      "accuracy": 0.9310344827586207,
      "precision": 1.0,
      "recall": 0.9310344827586207,
      "f1": 0.9642857142857143,
      "f2": 0.944055944055944,
      "fpr": 0,
      "fnr": 0.06896551724137931,
      "tp": 54,
      "tn": 0,
      "fp": 0,
      "fn": 4
    },
    "target_finding": {
      "target_detection_rate": 0.43103448275862066,
      "lucky_guess_rate": 0.5370370370370371,
      "bonus_discovery_rate": 0.6896551724137931,
      "target_found_count": 25,
      "lucky_guess_count": 29
    },
    "finding_quality": {
      "finding_precision": 0.6402877697841727,
      "invalid_rate": 0.3597122302158273,
      "hallucination_rate": 0.03597122302158273,
      "over_flagging_score": 0.8620689655172413,
      "avg_findings_per_sample": 2.396551724137931,
      "total_findings": 139,
      "valid_findings": 89,
      "invalid_findings": 50,
      "hallucinated_findings": 5
    },
    "reasoning_quality": {
      "mean_rcir": 0.93,
      "mean_ava": 0.94,
      "mean_fsv": 0.89,
      "std_rcir": 0.11224972160321824,
      "std_ava": 0.12806248474865697,
      "std_fsv": 0.17435595774162693,
      "n_samples_with_reasoning": 25
    },
    "type_accuracy": {
      "exact_match_rate": 0.64,
      "semantic_match_rate": 1.0,
      "partial_match_rate": 0.0,
      "n_samples": 25
    },
    "calibration": {
      "ece": 0.08620689655172414,
      "mce": 0.10000000000000009,
      "overconfidence_rate": 0.06896551724137934,
      "underconfidence_rate": 0.0,
      "brier_score": 0.06793103448275863,
      "n_samples": 58
    },
    "composite": {
      "true_understanding_score": 0.25390721905234437,
      "sui": 0.7611950825160947,
      "sui_components": {
        "f2": 0.944055944055944,
        "target_detection": 0.43103448275862066,
        "finding_precision": 0.6402877697841727,
        "avg_reasoning": 0.92,
        "calibration": 0.9137931034482758
      },
      "lucky_guess_indicator": 0.5
    },
    "by_prompt_type": {
      "direct": {
        "total_samples": 58,
        "vulnerable_samples": 58,
        "safe_samples": 0,
        "detection": {
          "accuracy": 0.9310344827586207,
          "precision": 1.0,
          "recall": 0.9310344827586207,
          "f1": 0.9642857142857143,
          "f2": 0.944055944055944,
          "fpr": 0,
          "fnr": 0.06896551724137931,
          "tp": 54,
          "tn": 0,
          "fp": 0,
          "fn": 4
        },
        "target_finding": {
          "target_detection_rate": 0.43103448275862066,
          "lucky_guess_rate": 0.5370370370370371,
          "bonus_discovery_rate": 0.6896551724137931,
          "target_found_count": 25,
          "lucky_guess_count": 29
        },
        "finding_quality": {
          "finding_precision": 0.6402877697841727,
          "invalid_rate": 0.3597122302158273,
          "hallucination_rate": 0.03597122302158273,
          "over_flagging_score": 0.8620689655172413,
          "avg_findings_per_sample": 2.396551724137931,
          "total_findings": 139,
          "valid_findings": 89,
          "invalid_findings": 50,
          "hallucinated_findings": 5
        },
        "reasoning_quality": {
          "mean_rcir": 0.93,
          "mean_ava": 0.94,
          "mean_fsv": 0.89,
          "std_rcir": 0.11224972160321824,
          "std_ava": 0.12806248474865697,
          "std_fsv": 0.17435595774162693,
          "n_samples_with_reasoning": 25
        },
        "type_accuracy": {
          "exact_match_rate": 0.64,
          "semantic_match_rate": 1.0,
          "partial_match_rate": 0.0,
          "n_samples": 25
        },
        "calibration": {
          "ece": 0.08620689655172414,
          "mce": 0.10000000000000009,
          "overconfidence_rate": 0.06896551724137934,
          "underconfidence_rate": 0.0,
          "brier_score": 0.06793103448275863,
          "n_samples": 58
        },
        "composite": {
          "true_understanding_score": 0.25390721905234437,
          "sui": 0.7611950825160947,
          "sui_components": {
            "f2": 0.944055944055944,
            "target_detection": 0.43103448275862066,
            "finding_precision": 0.6402877697841727,
            "avg_reasoning": 0.92,
            "calibration": 0.9137931034482758
          },
          "lucky_guess_indicator": 0.5
        }
      }
    }
  }
}