{
  "snapshot_timestamp": "2025-12-18T15:45:01.052527",
  "sample_count": 53,
  "metrics": {
    "total_samples": 53,
    "vulnerable_samples": 53,
    "safe_samples": 0,
    "detection": {
      "accuracy": 0.8301886792452831,
      "precision": 1.0,
      "recall": 0.8301886792452831,
      "f1": 0.9072164948453608,
      "f2": 0.859375,
      "fpr": 0,
      "fnr": 0.16981132075471697,
      "tp": 44,
      "tn": 0,
      "fp": 0,
      "fn": 9
    },
    "target_finding": {
      "target_detection_rate": 0.5660377358490566,
      "lucky_guess_rate": 0.3181818181818182,
      "bonus_discovery_rate": 0.6226415094339622,
      "target_found_count": 30,
      "lucky_guess_count": 14
    },
    "finding_quality": {
      "finding_precision": 0.8602150537634409,
      "invalid_rate": 0.13978494623655913,
      "hallucination_rate": 0.03225806451612903,
      "over_flagging_score": 0.24528301886792453,
      "avg_findings_per_sample": 1.7547169811320755,
      "total_findings": 93,
      "valid_findings": 80,
      "invalid_findings": 13,
      "hallucinated_findings": 3
    },
    "reasoning_quality": {
      "mean_rcir": 1.0,
      "mean_ava": 1.0,
      "mean_fsv": 1.0,
      "std_rcir": 0.0,
      "std_ava": 0.0,
      "std_fsv": 0.0,
      "n_samples_with_reasoning": 30
    },
    "type_accuracy": {
      "exact_match_rate": 0.7333333333333333,
      "semantic_match_rate": 0.9666666666666667,
      "partial_match_rate": 0.03333333333333333,
      "n_samples": 30
    },
    "calibration": {
      "ece": 0.0715094339622642,
      "mce": 0.62,
      "overconfidence_rate": 0.07499999999999996,
      "underconfidence_rate": 0.0,
      "brier_score": 0.12007358490566035,
      "n_samples": 53
    },
    "composite": {
      "true_understanding_score": 0.48691418137553255,
      "sui": 0.8282344986305539,
      "sui_components": {
        "f2": 0.859375,
        "target_detection": 0.5660377358490566,
        "finding_precision": 0.8602150537634409,
        "avg_reasoning": 1.0,
        "calibration": 0.9284905660377358
      },
      "lucky_guess_indicator": 0.26415094339622647
    },
    "by_prompt_type": {
      "direct": {
        "total_samples": 53,
        "vulnerable_samples": 53,
        "safe_samples": 0,
        "detection": {
          "accuracy": 0.8301886792452831,
          "precision": 1.0,
          "recall": 0.8301886792452831,
          "f1": 0.9072164948453608,
          "f2": 0.859375,
          "fpr": 0,
          "fnr": 0.16981132075471697,
          "tp": 44,
          "tn": 0,
          "fp": 0,
          "fn": 9
        },
        "target_finding": {
          "target_detection_rate": 0.5660377358490566,
          "lucky_guess_rate": 0.3181818181818182,
          "bonus_discovery_rate": 0.6226415094339622,
          "target_found_count": 30,
          "lucky_guess_count": 14
        },
        "finding_quality": {
          "finding_precision": 0.8602150537634409,
          "invalid_rate": 0.13978494623655913,
          "hallucination_rate": 0.03225806451612903,
          "over_flagging_score": 0.24528301886792453,
          "avg_findings_per_sample": 1.7547169811320755,
          "total_findings": 93,
          "valid_findings": 80,
          "invalid_findings": 13,
          "hallucinated_findings": 3
        },
        "reasoning_quality": {
          "mean_rcir": 1.0,
          "mean_ava": 1.0,
          "mean_fsv": 1.0,
          "std_rcir": 0.0,
          "std_ava": 0.0,
          "std_fsv": 0.0,
          "n_samples_with_reasoning": 30
        },
        "type_accuracy": {
          "exact_match_rate": 0.7333333333333333,
          "semantic_match_rate": 0.9666666666666667,
          "partial_match_rate": 0.03333333333333333,
          "n_samples": 30
        },
        "calibration": {
          "ece": 0.0715094339622642,
          "mce": 0.62,
          "overconfidence_rate": 0.07499999999999996,
          "underconfidence_rate": 0.0,
          "brier_score": 0.12007358490566035,
          "n_samples": 53
        },
        "composite": {
          "true_understanding_score": 0.48691418137553255,
          "sui": 0.8282344986305539,
          "sui_components": {
            "f2": 0.859375,
            "target_detection": 0.5660377358490566,
            "finding_precision": 0.8602150537634409,
            "avg_reasoning": 1.0,
            "calibration": 0.9284905660377358
          },
          "lucky_guess_indicator": 0.26415094339622647
        }
      }
    }
  }
}