{
  "snapshot_timestamp": "2025-12-18T15:14:00.416413",
  "sample_count": 36,
  "metrics": {
    "total_samples": 36,
    "vulnerable_samples": 36,
    "safe_samples": 0,
    "detection": {
      "accuracy": 0.8055555555555556,
      "precision": 1.0,
      "recall": 0.8055555555555556,
      "f1": 0.8923076923076924,
      "f2": 0.838150289017341,
      "fpr": 0,
      "fnr": 0.19444444444444445,
      "tp": 29,
      "tn": 0,
      "fp": 0,
      "fn": 7
    },
    "target_finding": {
      "target_detection_rate": 0.5,
      "lucky_guess_rate": 0.3793103448275862,
      "bonus_discovery_rate": 0.5555555555555556,
      "target_found_count": 18,
      "lucky_guess_count": 11
    },
    "finding_quality": {
      "finding_precision": 0.8596491228070176,
      "invalid_rate": 0.14035087719298245,
      "hallucination_rate": 0.03508771929824561,
      "over_flagging_score": 0.2222222222222222,
      "avg_findings_per_sample": 1.5833333333333333,
      "total_findings": 57,
      "valid_findings": 49,
      "invalid_findings": 8,
      "hallucinated_findings": 2
    },
    "reasoning_quality": {
      "mean_rcir": 1.0,
      "mean_ava": 1.0,
      "mean_fsv": 1.0,
      "std_rcir": 0.0,
      "std_ava": 0.0,
      "std_fsv": 0.0,
      "n_samples_with_reasoning": 18
    },
    "type_accuracy": {
      "exact_match_rate": 0.8333333333333334,
      "semantic_match_rate": 0.9444444444444444,
      "partial_match_rate": 0.05555555555555555,
      "n_samples": 18
    },
    "calibration": {
      "ece": 0.09638888888888897,
      "mce": 0.62,
      "overconfidence_rate": 0.07407407407407407,
      "underconfidence_rate": 0.0,
      "brier_score": 0.13113055555555556,
      "n_samples": 36
    },
    "composite": {
      "true_understanding_score": 0.4298245614035088,
      "sui": 0.8038460517864989,
      "sui_components": {
        "f2": 0.838150289017341,
        "target_detection": 0.5,
        "finding_precision": 0.8596491228070176,
        "avg_reasoning": 1.0,
        "calibration": 0.903611111111111
      },
      "lucky_guess_indicator": 0.3055555555555556
    },
    "by_prompt_type": {
      "direct": {
        "total_samples": 36,
        "vulnerable_samples": 36,
        "safe_samples": 0,
        "detection": {
          "accuracy": 0.8055555555555556,
          "precision": 1.0,
          "recall": 0.8055555555555556,
          "f1": 0.8923076923076924,
          "f2": 0.838150289017341,
          "fpr": 0,
          "fnr": 0.19444444444444445,
          "tp": 29,
          "tn": 0,
          "fp": 0,
          "fn": 7
        },
        "target_finding": {
          "target_detection_rate": 0.5,
          "lucky_guess_rate": 0.3793103448275862,
          "bonus_discovery_rate": 0.5555555555555556,
          "target_found_count": 18,
          "lucky_guess_count": 11
        },
        "finding_quality": {
          "finding_precision": 0.8596491228070176,
          "invalid_rate": 0.14035087719298245,
          "hallucination_rate": 0.03508771929824561,
          "over_flagging_score": 0.2222222222222222,
          "avg_findings_per_sample": 1.5833333333333333,
          "total_findings": 57,
          "valid_findings": 49,
          "invalid_findings": 8,
          "hallucinated_findings": 2
        },
        "reasoning_quality": {
          "mean_rcir": 1.0,
          "mean_ava": 1.0,
          "mean_fsv": 1.0,
          "std_rcir": 0.0,
          "std_ava": 0.0,
          "std_fsv": 0.0,
          "n_samples_with_reasoning": 18
        },
        "type_accuracy": {
          "exact_match_rate": 0.8333333333333334,
          "semantic_match_rate": 0.9444444444444444,
          "partial_match_rate": 0.05555555555555555,
          "n_samples": 18
        },
        "calibration": {
          "ece": 0.09638888888888897,
          "mce": 0.62,
          "overconfidence_rate": 0.07407407407407407,
          "underconfidence_rate": 0.0,
          "brier_score": 0.13113055555555556,
          "n_samples": 36
        },
        "composite": {
          "true_understanding_score": 0.4298245614035088,
          "sui": 0.8038460517864989,
          "sui_components": {
            "f2": 0.838150289017341,
            "target_detection": 0.5,
            "finding_precision": 0.8596491228070176,
            "avg_reasoning": 1.0,
            "calibration": 0.903611111111111
          },
          "lucky_guess_indicator": 0.3055555555555556
        }
      }
    }
  }
}