{
  "detector": "claude-opus-4-5",
  "tier": "tier3",
  "judge_model": "codestral",
  "timestamp": "2026-01-05T00:54:17.744518+00:00",
  "sample_counts": {
    "total": 30,
    "successful_evaluations": 30,
    "failed_evaluations": 0
  },
  "detection_metrics": {
    "target_found_count": 24,
    "target_detection_rate": 0.8,
    "miss_rate": 0.19999999999999996,
    "lucky_guess_count": 3,
    "lucky_guess_rate": 0.1,
    "samples_with_bonus": 11,
    "ancillary_discovery_rate": 0.36666666666666664,
    "verdict_correct_count": 29,
    "verdict_accuracy": 0.9666666666666667,
    "total_findings": 71,
    "avg_findings_per_sample": 2.3666666666666667,
    "true_positives": 66,
    "false_positives": 5,
    "precision": 0.9295774647887324,
    "invalid_finding_rate": 0.07042253521126761,
    "false_alarm_density": 0.16666666666666666,
    "f1_score": 0.8599348534201955
  },
  "quality_scores": {
    "avg_rcir": 0.9249999999999999,
    "avg_ava": 0.8833333333333333,
    "avg_fsv": 0.8833333333333333,
    "std_rcir": 0.060791875887432865,
    "std_ava": 0.09630868246861533,
    "std_fsv": 0.12038585308576921,
    "count": 24
  },
  "classification_totals": {
    "target_matches": 24,
    "partial_matches": 18,
    "bonus_valid": 24,
    "invalid": 0,
    "mischaracterized": 1,
    "design_choice": 2,
    "out_of_scope": 0,
    "security_theater": 0,
    "informational": 2
  },
  "type_match_distribution": {
    "exact": 9,
    "semantic": 15,
    "partial": 0,
    "wrong": 1,
    "not_mentioned": 5
  },
  "by_vulnerability_type": {
    "logic_error": {
      "total_samples": 7,
      "target_found_count": 6,
      "target_detection_rate": 0.8571428571428571,
      "miss_rate": 0.1428571428571429,
      "lucky_guess_count": 0,
      "lucky_guess_rate": 0.0,
      "samples_with_bonus": 3,
      "ancillary_discovery_rate": 0.42857142857142855,
      "verdict_correct_count": 6,
      "verdict_accuracy": 0.8571428571428571,
      "total_findings": 12,
      "avg_findings_per_sample": 1.7142857142857142,
      "true_positives": 11,
      "false_positives": 1,
      "precision": 0.9166666666666666,
      "invalid_finding_rate": 0.08333333333333333,
      "false_alarm_density": 0.14285714285714285,
      "f1_score": 0.8859060402684563,
      "classifications": {
        "target_matches": 6,
        "partial_matches": 1,
        "bonus_valid": 4,
        "invalid": 0,
        "mischaracterized": 0,
        "design_choice": 1,
        "out_of_scope": 0,
        "security_theater": 0,
        "informational": 0
      },
      "type_match_distribution": {
        "exact": 0,
        "semantic": 6,
        "partial": 0,
        "wrong": 0,
        "not_mentioned": 1
      },
      "quality_scores": {
        "avg_rcir": 0.9,
        "avg_ava": 0.8500000000000001,
        "avg_fsv": 0.8666666666666667,
        "std_rcir": 0.06324555320336757,
        "std_ava": 0.08366600265340754,
        "std_fsv": 0.13662601021279466,
        "count": 6
      }
    },
    "token_incompatibility": {
      "total_samples": 1,
      "target_found_count": 1,
      "target_detection_rate": 1.0,
      "miss_rate": 0.0,
      "lucky_guess_count": 0,
      "lucky_guess_rate": 0.0,
      "samples_with_bonus": 0,
      "ancillary_discovery_rate": 0.0,
      "verdict_correct_count": 1,
      "verdict_accuracy": 1.0,
      "total_findings": 2,
      "avg_findings_per_sample": 2.0,
      "true_positives": 2,
      "false_positives": 0,
      "precision": 1.0,
      "invalid_finding_rate": 0.0,
      "false_alarm_density": 0.0,
      "f1_score": 1.0,
      "classifications": {
        "target_matches": 1,
        "partial_matches": 1,
        "bonus_valid": 0,
        "invalid": 0,
        "mischaracterized": 0,
        "design_choice": 0,
        "out_of_scope": 0,
        "security_theater": 0,
        "informational": 0
      },
      "type_match_distribution": {
        "exact": 0,
        "semantic": 1,
        "partial": 0,
        "wrong": 0,
        "not_mentioned": 0
      },
      "quality_scores": {
        "avg_rcir": 0.8,
        "avg_ava": 0.9,
        "avg_fsv": 0.7,
        "std_rcir": null,
        "std_ava": null,
        "std_fsv": null,
        "count": 1
      }
    },
    "approval_scam": {
      "total_samples": 1,
      "target_found_count": 0,
      "target_detection_rate": 0.0,
      "miss_rate": 1.0,
      "lucky_guess_count": 0,
      "lucky_guess_rate": 0.0,
      "samples_with_bonus": 1,
      "ancillary_discovery_rate": 1.0,
      "verdict_correct_count": 1,
      "verdict_accuracy": 1.0,
      "total_findings": 3,
      "avg_findings_per_sample": 3.0,
      "true_positives": 3,
      "false_positives": 0,
      "precision": 1.0,
      "invalid_finding_rate": 0.0,
      "false_alarm_density": 0.0,
      "f1_score": 0.0,
      "classifications": {
        "target_matches": 0,
        "partial_matches": 0,
        "bonus_valid": 3,
        "invalid": 0,
        "mischaracterized": 0,
        "design_choice": 0,
        "out_of_scope": 0,
        "security_theater": 0,
        "informational": 0
      },
      "type_match_distribution": {
        "exact": 0,
        "semantic": 0,
        "partial": 0,
        "wrong": 0,
        "not_mentioned": 1
      },
      "quality_scores": {
        "avg_rcir": null,
        "avg_ava": null,
        "avg_fsv": null,
        "std_rcir": null,
        "std_ava": null,
        "std_fsv": null,
        "count": 0
      }
    },
    "precision_loss": {
      "total_samples": 1,
      "target_found_count": 1,
      "target_detection_rate": 1.0,
      "miss_rate": 0.0,
      "lucky_guess_count": 0,
      "lucky_guess_rate": 0.0,
      "samples_with_bonus": 0,
      "ancillary_discovery_rate": 0.0,
      "verdict_correct_count": 1,
      "verdict_accuracy": 1.0,
      "total_findings": 1,
      "avg_findings_per_sample": 1.0,
      "true_positives": 1,
      "false_positives": 0,
      "precision": 1.0,
      "invalid_finding_rate": 0.0,
      "false_alarm_density": 0.0,
      "f1_score": 1.0,
      "classifications": {
        "target_matches": 1,
        "partial_matches": 0,
        "bonus_valid": 0,
        "invalid": 0,
        "mischaracterized": 0,
        "design_choice": 0,
        "out_of_scope": 0,
        "security_theater": 0,
        "informational": 0
      },
      "type_match_distribution": {
        "exact": 0,
        "semantic": 1,
        "partial": 0,
        "wrong": 0,
        "not_mentioned": 0
      },
      "quality_scores": {
        "avg_rcir": 1.0,
        "avg_ava": 1.0,
        "avg_fsv": 1.0,
        "std_rcir": null,
        "std_ava": null,
        "std_fsv": null,
        "count": 1
      }
    },
    "unchecked_call": {
      "total_samples": 2,
      "target_found_count": 2,
      "target_detection_rate": 1.0,
      "miss_rate": 0.0,
      "lucky_guess_count": 0,
      "lucky_guess_rate": 0.0,
      "samples_with_bonus": 0,
      "ancillary_discovery_rate": 0.0,
      "verdict_correct_count": 2,
      "verdict_accuracy": 1.0,
      "total_findings": 5,
      "avg_findings_per_sample": 2.5,
      "true_positives": 3,
      "false_positives": 2,
      "precision": 0.6,
      "invalid_finding_rate": 0.4,
      "false_alarm_density": 1.0,
      "f1_score": 0.7499999999999999,
      "classifications": {
        "target_matches": 2,
        "partial_matches": 1,
        "bonus_valid": 0,
        "invalid": 0,
        "mischaracterized": 1,
        "design_choice": 1,
        "out_of_scope": 0,
        "security_theater": 0,
        "informational": 0
      },
      "type_match_distribution": {
        "exact": 1,
        "semantic": 1,
        "partial": 0,
        "wrong": 0,
        "not_mentioned": 0
      },
      "quality_scores": {
        "avg_rcir": 0.9,
        "avg_ava": 0.8,
        "avg_fsv": 0.9,
        "std_rcir": 0.0,
        "std_ava": 0.0,
        "std_fsv": 0.0,
        "count": 2
      }
    },
    "unprotected_callback": {
      "total_samples": 1,
      "target_found_count": 0,