{
  "snapshot_timestamp": "2025-12-18T15:49:36.703417",
  "sample_count": 53,
  "metrics": {
    "total_samples": 53,
    "vulnerable_samples": 53,
    "safe_samples": 0,
    "detection": {
      "accuracy": 0.9811320754716981,
      "precision": 1.0,
      "recall": 0.9811320754716981,
      "f1": 0.9904761904761905,
      "f2": 0.9848484848484849,
      "fpr": 0,
      "fnr": 0.018867924528301886,
      "tp": 52,
      "tn": 0,
      "fp": 0,
      "fn": 1
    },
    "target_finding": {
      "target_detection_rate": 0.20754716981132076,
      "lucky_guess_rate": 0.7884615384615384,
      "bonus_discovery_rate": 0.09433962264150944,
      "target_found_count": 11,
      "lucky_guess_count": 41
    },
    "finding_quality": {
      "finding_precision": 0.23529411764705882,
      "invalid_rate": 0.7647058823529411,
      "hallucination_rate": 0.11764705882352941,
      "over_flagging_score": 0.9811320754716981,
      "avg_findings_per_sample": 1.2830188679245282,
      "total_findings": 68,
      "valid_findings": 16,
      "invalid_findings": 52,
      "hallucinated_findings": 8
    },
    "reasoning_quality": {
      "mean_rcir": 0.8863636363636364,
      "mean_ava": 0.8863636363636364,
      "mean_fsv": 0.8181818181818182,
      "std_rcir": 0.12448239943299229,
      "std_ava": 0.16388869433927222,
      "std_fsv": 0.21560984046602588,
      "n_samples_with_reasoning": 11
    },
    "type_accuracy": {
      "exact_match_rate": 0.8181818181818182,
      "semantic_match_rate": 1.0,
      "partial_match_rate": 0.0,
      "n_samples": 11
    },
    "calibration": {
      "ece": 0.022641509433962304,
      "mce": 0.19999999999999996,
      "overconfidence_rate": 0.019230769230769273,
      "underconfidence_rate": 0.0,
      "brier_score": 0.019622641509433963,
      "n_samples": 53
    },
    "composite": {
      "true_understanding_score": 0.04217536071032188,
      "sui": 0.6470379712777049,
      "sui_components": {
        "f2": 0.9848484848484849,
        "target_detection": 0.20754716981132076,
        "finding_precision": 0.23529411764705882,
        "avg_reasoning": 0.8636363636363636,
        "calibration": 0.9773584905660377
      },
      "lucky_guess_indicator": 0.7735849056603774
    },
    "by_prompt_type": {
      "direct": {
        "total_samples": 53,
        "vulnerable_samples": 53,
        "safe_samples": 0,
        "detection": {
          "accuracy": 0.9811320754716981,
          "precision": 1.0,
          "recall": 0.9811320754716981,
          "f1": 0.9904761904761905,
          "f2": 0.9848484848484849,
          "fpr": 0,
          "fnr": 0.018867924528301886,
          "tp": 52,
          "tn": 0,
          "fp": 0,
          "fn": 1
        },
        "target_finding": {
          "target_detection_rate": 0.20754716981132076,
          "lucky_guess_rate": 0.7884615384615384,
          "bonus_discovery_rate": 0.09433962264150944,
          "target_found_count": 11,
          "lucky_guess_count": 41
        },
        "finding_quality": {
          "finding_precision": 0.23529411764705882,
          "invalid_rate": 0.7647058823529411,
          "hallucination_rate": 0.11764705882352941,
          "over_flagging_score": 0.9811320754716981,
          "avg_findings_per_sample": 1.2830188679245282,
          "total_findings": 68,
          "valid_findings": 16,
          "invalid_findings": 52,
          "hallucinated_findings": 8
        },
        "reasoning_quality": {
          "mean_rcir": 0.8863636363636364,
          "mean_ava": 0.8863636363636364,
          "mean_fsv": 0.8181818181818182,
          "std_rcir": 0.12448239943299229,
          "std_ava": 0.16388869433927222,
          "std_fsv": 0.21560984046602588,
          "n_samples_with_reasoning": 11
        },
        "type_accuracy": {
          "exact_match_rate": 0.8181818181818182,
          "semantic_match_rate": 1.0,
          "partial_match_rate": 0.0,
          "n_samples": 11
        },
        "calibration": {
          "ece": 0.022641509433962304,
          "mce": 0.19999999999999996,
          "overconfidence_rate": 0.019230769230769273,
          "underconfidence_rate": 0.0,
          "brier_score": 0.019622641509433963,
          "n_samples": 53
        },
        "composite": {
          "true_understanding_score": 0.04217536071032188,
          "sui": 0.6470379712777049,
          "sui_components": {
            "f2": 0.9848484848484849,
            "target_detection": 0.20754716981132076,
            "finding_precision": 0.23529411764705882,
            "avg_reasoning": 0.8636363636363636,
            "calibration": 0.9773584905660377
          },
          "lucky_guess_indicator": 0.7735849056603774
        }
      }
    }
  }
}