{
  "snapshot_timestamp": "2025-12-18T15:14:10.319301",
  "sample_count": 40,
  "metrics": {
    "total_samples": 40,
    "vulnerable_samples": 40,
    "safe_samples": 0,
    "detection": {
      "accuracy": 0.975,
      "precision": 1.0,
      "recall": 0.975,
      "f1": 0.9873417721518987,
      "f2": 0.9798994974874372,
      "fpr": 0,
      "fnr": 0.025,
      "tp": 39,
      "tn": 0,
      "fp": 0,
      "fn": 1
    },
    "target_finding": {
      "target_detection_rate": 0.225,
      "lucky_guess_rate": 0.7692307692307693,
      "bonus_discovery_rate": 0.05,
      "target_found_count": 9,
      "lucky_guess_count": 30
    },
    "finding_quality": {
      "finding_precision": 0.21153846153846154,
      "invalid_rate": 0.7884615384615384,
      "hallucination_rate": 0.11538461538461539,
      "over_flagging_score": 1.025,
      "avg_findings_per_sample": 1.3,
      "total_findings": 52,
      "valid_findings": 11,
      "invalid_findings": 41,
      "hallucinated_findings": 6
    },
    "reasoning_quality": {
      "mean_rcir": 0.8611111111111112,
      "mean_ava": 0.8611111111111112,
      "mean_fsv": 0.7777777777777778,
      "std_rcir": 0.12422599874998831,
      "std_ava": 0.17123372230469378,
      "std_fsv": 0.21872244094477253,
      "n_samples_with_reasoning": 9
    },
    "type_accuracy": {
      "exact_match_rate": 0.7777777777777778,
      "semantic_match_rate": 1.0,
      "partial_match_rate": 0.0,
      "n_samples": 9
    },
    "calibration": {
      "ece": 0.03000000000000002,
      "mce": 0.19999999999999996,
      "overconfidence_rate": 0.02564102564102566,
      "underconfidence_rate": 0.0,
      "brier_score": 0.026000000000000002,
      "n_samples": 40
    },
    "composite": {
      "true_understanding_score": 0.03966346153846154,
      "sui": 0.6382889769359619,
      "sui_components": {
        "f2": 0.9798994974874372,
        "target_detection": 0.225,
        "finding_precision": 0.21153846153846154,
        "avg_reasoning": 0.8333333333333334,
        "calibration": 0.97
      },
      "lucky_guess_indicator": 0.75
    },
    "by_prompt_type": {
      "direct": {
        "total_samples": 40,
        "vulnerable_samples": 40,
        "safe_samples": 0,
        "detection": {
          "accuracy": 0.975,
          "precision": 1.0,
          "recall": 0.975,
          "f1": 0.9873417721518987,
          "f2": 0.9798994974874372,
          "fpr": 0,
          "fnr": 0.025,
          "tp": 39,
          "tn": 0,
          "fp": 0,
          "fn": 1
        },
        "target_finding": {
          "target_detection_rate": 0.225,
          "lucky_guess_rate": 0.7692307692307693,
          "bonus_discovery_rate": 0.05,
          "target_found_count": 9,
          "lucky_guess_count": 30
        },
        "finding_quality": {
          "finding_precision": 0.21153846153846154,
          "invalid_rate": 0.7884615384615384,
          "hallucination_rate": 0.11538461538461539,
          "over_flagging_score": 1.025,
          "avg_findings_per_sample": 1.3,
          "total_findings": 52,
          "valid_findings": 11,
          "invalid_findings": 41,
          "hallucinated_findings": 6
        },
        "reasoning_quality": {
          "mean_rcir": 0.8611111111111112,
          "mean_ava": 0.8611111111111112,
          "mean_fsv": 0.7777777777777778,
          "std_rcir": 0.12422599874998831,
          "std_ava": 0.17123372230469378,
          "std_fsv": 0.21872244094477253,
          "n_samples_with_reasoning": 9
        },
        "type_accuracy": {
          "exact_match_rate": 0.7777777777777778,
          "semantic_match_rate": 1.0,
          "partial_match_rate": 0.0,
          "n_samples": 9
        },
        "calibration": {
          "ece": 0.03000000000000002,
          "mce": 0.19999999999999996,
          "overconfidence_rate": 0.02564102564102566,
          "underconfidence_rate": 0.0,
          "brier_score": 0.026000000000000002,
          "n_samples": 40
        },
        "composite": {
          "true_understanding_score": 0.03966346153846154,
          "sui": 0.6382889769359619,
          "sui_components": {
            "f2": 0.9798994974874372,
            "target_detection": 0.225,
            "finding_precision": 0.21153846153846154,
            "avg_reasoning": 0.8333333333333334,
            "calibration": 0.97
          },
          "lucky_guess_indicator": 0.75
        }
      }
    }
  }
}