{
  "snapshot_timestamp": "2025-12-18T19:04:40.094365",
  "sample_count": 50,
  "metrics": {
    "total_samples": 50,
    "vulnerable_samples": 50,
    "safe_samples": 0,
    "detection": {
      "accuracy": 0.9,
      "precision": 1.0,
      "recall": 0.9,
      "f1": 0.9473684210526316,
      "f2": 0.9183673469387754,
      "fpr": 0,
      "fnr": 0.1,
      "tp": 45,
      "tn": 0,
      "fp": 0,
      "fn": 5
    },
    "target_finding": {
      "target_detection_rate": 0.18,
      "lucky_guess_rate": 0.8,
      "bonus_discovery_rate": 0.16,
      "target_found_count": 9,
      "lucky_guess_count": 36
    },
    "finding_quality": {
      "finding_precision": 0.1717171717171717,
      "invalid_rate": 0.8282828282828283,
      "hallucination_rate": 0.04040404040404041,
      "over_flagging_score": 1.64,
      "avg_findings_per_sample": 1.98,
      "total_findings": 99,
      "valid_findings": 17,
      "invalid_findings": 82,
      "hallucinated_findings": 4
    },
    "reasoning_quality": {
      "mean_rcir": 0.8333333333333334,
      "mean_ava": 0.8611111111111112,
      "mean_fsv": 0.7777777777777778,
      "std_rcir": 0.16666666666666666,
      "std_ava": 0.17123372230469378,
      "std_fsv": 0.21872244094477253,
      "n_samples_with_reasoning": 9
    },
    "type_accuracy": {
      "exact_match_rate": 0.6666666666666666,
      "semantic_match_rate": 1.0,
      "partial_match_rate": 0.0,
      "n_samples": 9
    },
    "calibration": {
      "ece": 0.0046511627906976735,
      "mce": 0.19999999999999996,
      "overconfidence_rate": 0.0,
      "underconfidence_rate": 0.0,
      "brier_score": 0.0009302325581395344,
      "n_samples": 43
    },
    "composite": {
      "true_understanding_score": 0.025471380471380468,
      "sui": 0.6059028147317184,
      "sui_components": {
        "f2": 0.9183673469387754,
        "target_detection": 0.18,
        "finding_precision": 0.1717171717171717,
        "avg_reasoning": 0.8240740740740741,
        "calibration": 0.9953488372093023
      },
      "lucky_guess_indicator": 0.72
    },
    "by_prompt_type": {
      "direct": {
        "total_samples": 43,
        "vulnerable_samples": 43,
        "safe_samples": 0,
        "detection": {
          "accuracy": 1.0,
          "precision": 1.0,
          "recall": 1.0,
          "f1": 1.0,
          "f2": 1.0,
          "fpr": 0,
          "fnr": 0.0,
          "tp": 43,
          "tn": 0,
          "fp": 0,
          "fn": 0
        },
        "target_finding": {
          "target_detection_rate": 0.18604651162790697,
          "lucky_guess_rate": 0.813953488372093,
          "bonus_discovery_rate": 0.18604651162790697,
          "target_found_count": 8,
          "lucky_guess_count": 35
        },
        "finding_quality": {
          "finding_precision": 0.27586206896551724,
          "invalid_rate": 0.7241379310344828,
          "hallucination_rate": 0.06896551724137931,
          "over_flagging_score": 0.9767441860465116,
          "avg_findings_per_sample": 1.3488372093023255,
          "total_findings": 58,
          "valid_findings": 16,
          "invalid_findings": 42,
          "hallucinated_findings": 4
        },
        "reasoning_quality": {
          "mean_rcir": 0.8125,
          "mean_ava": 0.84375,
          "mean_fsv": 0.75,
          "std_rcir": 0.16535945694153692,
          "std_ava": 0.17399263633843817,
          "std_fsv": 0.21650635094610965,
          "n_samples_with_reasoning": 8
        },
        "type_accuracy": {
          "exact_match_rate": 0.625,
          "semantic_match_rate": 1.0,
          "partial_match_rate": 0.0,
          "n_samples": 8
        },
        "calibration": {
          "ece": 0.0046511627906976735,
          "mce": 0.19999999999999996,
          "overconfidence_rate": 0.0,
          "underconfidence_rate": 0.0,
          "brier_score": 0.0009302325581395344,
          "n_samples": 43
        },
        "composite": {
          "true_understanding_score": 0.041165463779738044,
          "sui": 0.6379466553060679,
          "sui_components": {
            "f2": 1.0,
            "target_detection": 0.18604651162790697,
            "finding_precision": 0.27586206896551724,
            "avg_reasoning": 0.8020833333333334,
            "calibration": 0.9953488372093023
          },
          "lucky_guess_indicator": 0.813953488372093
        }
      },
      "naturalistic": {
        "total_samples": 3,
        "vulnerable_samples": 3,
        "safe_samples": 0,
        "detection": {
          "accuracy": 0.3333333333333333,
          "precision": 1.0,
          "recall": 0.3333333333333333,
          "f1": 0.5,
          "f2": 0.3846153846153846,
          "fpr": 0,
          "fnr": 0.6666666666666666,
          "tp": 1,
          "tn": 0,
          "fp": 0,
          "fn": 2
        },
        "target_finding": {
          "target_detection_rate": 0.3333333333333333,
          "lucky_guess_rate": 0.0,
          "bonus_discovery_rate": 0.0,
          "target_found_count": 1,
          "lucky_guess_count": 0
        },
        "finding_quality": {
          "finding_precision": 0.045454545454545456,
          "invalid_rate": 0.9545454545454546,
          "hallucination_rate": 0.0,
          "over_flagging_score": 7.0,
          "avg_findings_per_sample": 7.333333333333333,
          "total_findings": 22,
          "valid_findings": 1,
          "invalid_findings": 21,
          "hallucinated_findings": 0
        },
        "reasoning_quality": {
          "mean_rcir": 1.0,
          "mean_ava": 1.0,
          "mean_fsv": 1.0,
          "std_rcir": 0.0,
          "std_ava": 0.0,
          "std_fsv": 0.0,
          "n_samples_with_reasoning": 1
        },
        "type_accuracy": {
          "exact_match_rate": 1.0,
          "semantic_match_rate": 1.0,
          "partial_match_rate": 0.0,
          "n_samples": 1
        },
        "calibration": {
          "ece": null,
          "mce": null,
          "overconfidence_rate": null,
          "underconfidence_rate": null,
          "brier_score": null,
          "n_samples": 0
        },
        "composite": {
          "true_understanding_score": 0.015151515151515138,
          "sui": 0.4863053613053613,
          "sui_components": {
            "f2": 0.3846153846153846,
            "target_detection": 0.3333333333333333,
            "finding_precision": 0.045454545454545456,
            "avg_reasoning": 1.0,
            "calibration": 0.5
          },
          "lucky_guess_indicator": 0.0
        }
      },
      "adversarial": {
        "total_samples": 4,
        "vulnerable_samples": 4,
        "safe_samples": 0,
        "detection": {
          "accuracy": 0.25,
          "precision": 1.0,
          "recall": 0.25,
          "f1": 0.4,
          "f2": 0.29411764705882354,
          "fpr": 0,
          "fnr": 0.75,
          "tp": 1,
          "tn": 0,
          "fp": 0,
          "fn": 3
        },
        "target_finding": {
          "target_detection_rate": 0.0,
          "lucky_guess_rate": 1.0,
          "bonus_discovery_rate": 0.0,
          "target_found_count": 0,
          "lucky_guess_count": 1
        },
        "finding_quality": {
          "finding_precision": 0.0,
          "invalid_rate": 1.0,
          "hallucination_rate": 0.0,
          "over_flagging_score": 4.75,
          "avg_findings_per_sample": 4.75,
          "total_findings": 19,
          "valid_findings": 0,
          "invalid_findings": 19,
          "hallucinated_findings": 0
        },
        "reasoning_quality": {
          "mean_rcir": null,
          "mean_ava": null,
          "mean_fsv": null,
          "std_rcir": null,
          "std_ava": null,
          "std_fsv": null,
          "n_samples_with_reasoning": 0
        },
        "type_accuracy": {
          "exact_match_rate": 0,
          "semantic_match_rate": 0,
          "partial_match_rate": 0,
          "n_samples": 0
        },
        "calibration": {
          "ece": null,
          "mce": null,