{
  "judge": "codestral",
  "by_detector": {
    "claude-opus-4-5": {
      "detector": "claude-opus-4-5",
      "sample_counts": {
        "total": 100,
        "successful": 100,
        "failed": 0
      },
      "detection_metrics": {
        "target_found_count": 87,
        "verdict_correct_count": 96,
        "lucky_guess_count": 6,
        "samples_with_bonus": 39,
        "total_findings": 211,
        "true_positives": 197,
        "false_positives": 14,
        "target_detection_rate": 0.87,
        "miss_rate": 0.13,
        "verdict_accuracy": 0.96,
        "lucky_guess_rate": 0.06,
        "ancillary_discovery_rate": 0.39,
        "avg_findings_per_sample": 2.11,
        "precision": 0.933649289099526,
        "invalid_finding_rate": 0.06635071090047394,
        "false_alarm_density": 0.14,
        "f1_score": 0.9007015792101322
      },
      "quality_scores": {
        "avg_rcir": 0.9356321839080459,
        "avg_ava": 0.896551724137931,
        "avg_fsv": 0.9114942528735632
      },
      "classification_totals": {
        "target_matches": 88,
        "partial_matches": 41,
        "bonus_valid": 68,
        "invalid": 0,
        "mischaracterized": 3,
        "design_choice": 7,
        "out_of_scope": 0,
        "security_theater": 0,
        "informational": 4
      },
      "type_match_distribution": {
        "exact": 39,
        "semantic": 48,
        "partial": 0,
        "wrong": 1,
        "not_mentioned": 12
      },
      "by_tier": {
        "tier1": {
          "samples": 20,
          "tdr": 1.0,
          "precision": 0.9347826086956522,
          "f1_score": 0.9662921348314606,
          "verdict_accuracy": 1.0,
          "avg_rcir": 0.95,
          "avg_ava": 0.905,
          "avg_fsv": 0.945
        },
        "tier2": {
          "samples": 37,
          "tdr": 0.8378378378378378,
          "precision": 0.9393939393939394,
          "f1_score": 0.8857142857142858,
          "verdict_accuracy": 0.918918918918919,
          "avg_rcir": 0.9354838709677419,
          "avg_ava": 0.9064516129032258,
          "avg_fsv": 0.9193548387096774
        },
        "tier3": {
          "samples": 30,
          "tdr": 0.8,
          "precision": 0.9295774647887324,
          "f1_score": 0.8599348534201955,
          "verdict_accuracy": 0.9666666666666667,
          "avg_rcir": 0.9249999999999999,
          "avg_ava": 0.8833333333333333,
          "avg_fsv": 0.8833333333333333
        },
        "tier4": {
          "samples": 13,
          "tdr": 0.9230769230769231,
          "precision": 0.9285714285714286,
          "f1_score": 0.9258160237388724,
          "verdict_accuracy": 1.0,
          "avg_rcir": 0.9333333333333332,
          "avg_ava": 0.8833333333333333,
          "avg_fsv": 0.8916666666666666
        }
      }
    },
    "gemini-3-pro": {
      "detector": "gemini-3-pro",
      "sample_counts": {
        "total": 100,
        "successful": 100,
        "failed": 0
      },
      "detection_metrics": {
        "target_found_count": 79,
        "verdict_correct_count": 97,
        "lucky_guess_count": 12,
        "samples_with_bonus": 24,
        "total_findings": 136,
        "true_positives": 127,
        "false_positives": 9,
        "target_detection_rate": 0.79,
        "miss_rate": 0.20999999999999996,
        "verdict_accuracy": 0.97,
        "lucky_guess_rate": 0.12,
        "ancillary_discovery_rate": 0.24,
        "avg_findings_per_sample": 1.36,
        "precision": 0.9338235294117647,
        "invalid_finding_rate": 0.0661764705882353,
        "false_alarm_density": 0.09,
        "f1_score": 0.8559119604163112
      },
      "quality_scores": {
        "avg_rcir": 0.9556962025316456,
        "avg_ava": 0.9531645569620253,
        "avg_fsv": 0.9316455696202531
      },
      "classification_totals": {
        "target_matches": 80,
        "partial_matches": 18,
        "bonus_valid": 29,
        "invalid": 0,
        "mischaracterized": 2,
        "design_choice": 6,
        "out_of_scope": 0,
        "security_theater": 0,
        "informational": 1
      },
      "type_match_distribution": {
        "exact": 33,
        "semantic": 42,
        "partial": 4,
        "wrong": 5,
        "not_mentioned": 16
      },
      "by_tier": {
        "tier1": {
          "samples": 20,
          "tdr": 0.75,
          "precision": 0.875,
          "f1_score": 0.8076923076923077,
          "verdict_accuracy": 1.0,
          "avg_rcir": 0.9666666666666667,
          "avg_ava": 0.9733333333333333,
          "avg_fsv": 0.9733333333333333
        },
        "tier2": {
          "samples": 37,
          "tdr": 0.8378378378378378,
          "precision": 0.9787234042553191,
          "f1_score": 0.9028173472617917,
          "verdict_accuracy": 0.972972972972973,
          "avg_rcir": 0.964516129032258,
          "avg_ava": 0.9741935483870967,
          "avg_fsv": 0.9516129032258065
        },
        "tier3": {
          "samples": 30,
          "tdr": 0.7,
          "precision": 0.9,
          "f1_score": 0.7875,
          "verdict_accuracy": 0.9666666666666667,
          "avg_rcir": 0.9238095238095237,
          "avg_ava": 0.9000000000000001,
          "avg_fsv": 0.8666666666666666
        },
        "tier4": {
          "samples": 13,
          "tdr": 0.9230769230769231,
          "precision": 1.0,
          "f1_score": 0.9600000000000001,
          "verdict_accuracy": 0.9230769230769231,
          "avg_rcir": 0.975,
          "avg_ava": 0.9666666666666667,
          "avg_fsv": 0.9416666666666668
        }
      }
    },
    "deepseek-v3-2": {
      "detector": "deepseek-v3-2",
      "sample_counts": {
        "total": 100,
        "successful": 99,
        "failed": 1
      },
      "detection_metrics": {
        "target_found_count": 62,
        "verdict_correct_count": 93,
        "lucky_guess_count": 16,
        "samples_with_bonus": 26,
        "total_findings": 178,
        "true_positives": 163,
        "false_positives": 15,
        "target_detection_rate": 0.62,
        "miss_rate": 0.38,
        "verdict_accuracy": 0.93,
        "lucky_guess_rate": 0.16,
        "ancillary_discovery_rate": 0.26,
        "avg_findings_per_sample": 1.78,
        "precision": 0.9157303370786517,
        "invalid_finding_rate": 0.08426966292134831,
        "false_alarm_density": 0.15,
        "f1_score": 0.7393912788996195
      },
      "quality_scores": {
        "avg_rcir": 0.9161290322580645,
        "avg_ava": 0.8935483870967742,
        "avg_fsv": 0.8919354838709677
      },
      "classification_totals": {
        "target_matches": 62,
        "partial_matches": 52,
        "bonus_valid": 49,
        "invalid": 0,
        "mischaracterized": 10,
        "design_choice": 3,
        "out_of_scope": 0,
        "security_theater": 0,
        "informational": 2
      },
      "type_match_distribution": {
        "exact": 22,
        "semantic": 36,
        "partial": 4,
        "wrong": 7,
        "not_mentioned": 30
      },
      "by_tier": {
        "tier1": {
          "samples": 20,
          "tdr": 0.6842105263157895,
          "precision": 0.8292682926829268,
          "f1_score": 0.7497879558948262,
          "verdict_accuracy": 1.0,
          "avg_rcir": 0.9230769230769231,
          "avg_ava": 0.9076923076923078,
          "avg_fsv": 0.9230769230769231
        },
        "tier2": {
          "samples": 37,
          "tdr": 0.7297297297297297,
          "precision": 0.9482758620689655,
          "f1_score": 0.824770896973063,
          "verdict_accuracy": 0.9459459459459459,
          "avg_rcir": 0.9333333333333333,
          "avg_ava": 0.9148148148148147,
          "avg_fsv": 0.9037037037037037
        },
        "tier3": {
          "samples": 30,
          "tdr": 0.4,
          "precision": 0.9137931034482759,
          "f1_score": 0.5564304461942258,
          "verdict_accuracy": 0.9333333333333333,
          "avg_rcir": 0.875,
          "avg_ava": 0.8666666666666667,
          "avg_fsv": 0.85
        },