{
  "judge": "gemini-3-flash",
  "by_detector": {
    "claude-opus-4-5": {
      "detector": "claude-opus-4-5",
      "sample_counts": {
        "total": 100,
        "successful": 100,
        "failed": 0
      },
      "detection_metrics": {
        "target_found_count": 87,
        "verdict_correct_count": 96,
        "lucky_guess_count": 1,
        "samples_with_bonus": 52,
        "total_findings": 211,
        "true_positives": 179,
        "false_positives": 32,
        "target_detection_rate": 0.87,
        "miss_rate": 0.13,
        "verdict_accuracy": 0.96,
        "lucky_guess_rate": 0.01,
        "ancillary_discovery_rate": 0.52,
        "avg_findings_per_sample": 2.11,
        "precision": 0.8483412322274881,
        "invalid_finding_rate": 0.15165876777251186,
        "false_alarm_density": 0.32,
        "f1_score": 0.8590341175497146
      },
      "quality_scores": {
        "avg_rcir": 0.996551724137931,
        "avg_ava": 0.9931034482758622,
        "avg_fsv": 0.9942528735632183
      },
      "classification_totals": {
        "target_matches": 96,
        "partial_matches": 3,
        "bonus_valid": 80,
        "invalid": 0,
        "mischaracterized": 12,
        "design_choice": 2,
        "out_of_scope": 0,
        "security_theater": 3,
        "informational": 15
      },
      "type_match_distribution": {
        "exact": 30,
        "semantic": 57,
        "partial": 0,
        "wrong": 1,
        "not_mentioned": 12
      },
      "by_tier": {
        "tier1": {
          "samples": 20,
          "tdr": 0.95,
          "precision": 0.9347826086956522,
          "f1_score": 0.9423298731257209,
          "verdict_accuracy": 1.0,
          "avg_rcir": 1.0,
          "avg_ava": 0.9894736842105264,
          "avg_fsv": 0.994736842105263
        },
        "tier2": {
          "samples": 37,
          "tdr": 0.8378378378378378,
          "precision": 0.8181818181818182,
          "f1_score": 0.827893175074184,
          "verdict_accuracy": 0.918918918918919,
          "avg_rcir": 1.0,
          "avg_ava": 1.0,
          "avg_fsv": 1.0
        },
        "tier3": {
          "samples": 30,
          "tdr": 0.8333333333333334,
          "precision": 0.8169014084507042,
          "f1_score": 0.8250355618776672,
          "verdict_accuracy": 0.9666666666666667,
          "avg_rcir": 0.988,
          "avg_ava": 0.9840000000000001,
          "avg_fsv": 0.988
        },
        "tier4": {
          "samples": 13,
          "tdr": 0.9230769230769231,
          "precision": 0.8571428571428571,
          "f1_score": 0.888888888888889,
          "verdict_accuracy": 1.0,
          "avg_rcir": 1.0,
          "avg_ava": 1.0,
          "avg_fsv": 0.9916666666666667
        }
      }
    },
    "gemini-3-pro": {
      "detector": "gemini-3-pro",
      "sample_counts": {
        "total": 100,
        "successful": 100,
        "failed": 0
      },
      "detection_metrics": {
        "target_found_count": 78,
        "verdict_correct_count": 97,
        "lucky_guess_count": 1,
        "samples_with_bonus": 42,
        "total_findings": 136,
        "true_positives": 134,
        "false_positives": 2,
        "target_detection_rate": 0.78,
        "miss_rate": 0.21999999999999997,
        "verdict_accuracy": 0.97,
        "lucky_guess_rate": 0.01,
        "ancillary_discovery_rate": 0.42,
        "avg_findings_per_sample": 1.36,
        "precision": 0.9852941176470589,
        "invalid_finding_rate": 0.014705882352941176,
        "false_alarm_density": 0.02,
        "f1_score": 0.870709763412196
      },
      "quality_scores": {
        "avg_rcir": 0.9897435897435898,
        "avg_ava": 0.991025641025641,
        "avg_fsv": 0.9974358974358974
      },
      "classification_totals": {
        "target_matches": 77,
        "partial_matches": 3,
        "bonus_valid": 54,
        "invalid": 0,
        "mischaracterized": 2,
        "design_choice": 0,
        "out_of_scope": 0,
        "security_theater": 0,
        "informational": 0
      },
      "type_match_distribution": {
        "exact": 31,
        "semantic": 46,
        "partial": 0,
        "wrong": 3,
        "not_mentioned": 20
      },
      "by_tier": {
        "tier1": {
          "samples": 20,
          "tdr": 0.75,
          "precision": 1.0,
          "f1_score": 0.8571428571428571,
          "verdict_accuracy": 1.0,
          "avg_rcir": 1.0,
          "avg_ava": 0.9933333333333334,
          "avg_fsv": 1.0
        },
        "tier2": {
          "samples": 37,
          "tdr": 0.8378378378378378,
          "precision": 1.0,
          "f1_score": 0.911764705882353,
          "verdict_accuracy": 0.972972972972973,
          "avg_rcir": 0.9838709677419355,
          "avg_ava": 0.9806451612903225,
          "avg_fsv": 1.0
        },
        "tier3": {
          "samples": 30,
          "tdr": 0.6666666666666666,
          "precision": 0.95,
          "f1_score": 0.7835051546391752,
          "verdict_accuracy": 0.9666666666666667,
          "avg_rcir": 1.0,
          "avg_ava": 1.0,
          "avg_fsv": 1.0
        },
        "tier4": {
          "samples": 13,
          "tdr": 0.9230769230769231,
          "precision": 1.0,
          "f1_score": 0.9600000000000001,
          "verdict_accuracy": 0.9230769230769231,
          "avg_rcir": 0.975,
          "avg_ava": 1.0,
          "avg_fsv": 0.9833333333333334
        }
      }
    },
    "deepseek-v3-2": {
      "detector": "deepseek-v3-2",
      "sample_counts": {
        "total": 100,
        "successful": 100,
        "failed": 0
      },
      "detection_metrics": {
        "target_found_count": 70,
        "verdict_correct_count": 94,
        "lucky_guess_count": 9,
        "samples_with_bonus": 26,
        "total_findings": 179,
        "true_positives": 117,
        "false_positives": 62,
        "target_detection_rate": 0.7,
        "miss_rate": 0.30000000000000004,
        "verdict_accuracy": 0.94,
        "lucky_guess_rate": 0.09,
        "ancillary_discovery_rate": 0.26,
        "avg_findings_per_sample": 1.79,
        "precision": 0.6536312849162011,
        "invalid_finding_rate": 0.3463687150837989,
        "false_alarm_density": 0.62,
        "f1_score": 0.6760214609987618
      },
      "quality_scores": {
        "avg_rcir": 0.9542857142857143,
        "avg_ava": 0.9414285714285715,
        "avg_fsv": 0.972857142857143
      },
      "classification_totals": {
        "target_matches": 66,
        "partial_matches": 8,
        "bonus_valid": 43,
        "invalid": 0,
        "mischaracterized": 34,
        "design_choice": 2,
        "out_of_scope": 0,
        "security_theater": 11,
        "informational": 15
      },
      "type_match_distribution": {
        "exact": 13,
        "semantic": 51,
        "partial": 6,
        "wrong": 2,
        "not_mentioned": 28
      },
      "by_tier": {
        "tier1": {
          "samples": 20,
          "tdr": 0.7,
          "precision": 0.6666666666666666,
          "f1_score": 0.6829268292682926,
          "verdict_accuracy": 1.0,
          "avg_rcir": 0.9571428571428572,
          "avg_ava": 0.9357142857142857,
          "avg_fsv": 0.9857142857142858
        },
        "tier2": {
          "samples": 37,
          "tdr": 0.7567567567567568,
          "precision": 0.7241379310344828,
          "f1_score": 0.7400881057268722,
          "verdict_accuracy": 0.9459459459459459,
          "avg_rcir": 0.9821428571428571,
          "avg_ava": 0.975,
          "avg_fsv": 0.9928571428571429
        },
        "tier3": {
          "samples": 30,
          "tdr": 0.6333333333333333,
          "precision": 0.5862068965517241,
          "f1_score": 0.6088595664467482,
          "verdict_accuracy": 0.9333333333333333,
          "avg_rcir": 0.9,
          "avg_ava": 0.8789473684210526,
          "avg_fsv": 0.9315789473684211
        },
        "tier4": {
          "samples": 13,
          "tdr": 0.6923076923076923,
          "precision": 0.6190476190476191,