{
  "judge": "mimo-v2-flash",
  "by_detector": {
    "claude-opus-4-5": {
      "detector": "claude-opus-4-5",
      "sample_counts": {
        "total": 100,
        "successful": 100,
        "failed": 0
      },
      "detection_metrics": {
        "target_found_count": 87,
        "verdict_correct_count": 96,
        "lucky_guess_count": 0,
        "samples_with_bonus": 56,
        "total_findings": 211,
        "true_positives": 179,
        "false_positives": 32,
        "target_detection_rate": 0.87,
        "miss_rate": 0.13,
        "verdict_accuracy": 0.96,
        "lucky_guess_rate": 0.0,
        "ancillary_discovery_rate": 0.56,
        "avg_findings_per_sample": 2.11,
        "precision": 0.8483412322274881,
        "invalid_finding_rate": 0.15165876777251186,
        "false_alarm_density": 0.32,
        "f1_score": 0.8590341175497146
      },
      "quality_scores": {
        "avg_rcir": 0.9885057471264368,
        "avg_ava": 0.9729885057471265,
        "avg_fsv": 0.9787356321839079
      },
      "classification_totals": {
        "target_matches": 90,
        "partial_matches": 2,
        "bonus_valid": 87,
        "invalid": 2,
        "mischaracterized": 21,
        "design_choice": 2,
        "out_of_scope": 0,
        "security_theater": 4,
        "informational": 3
      },
      "type_match_distribution": {
        "exact": 55,
        "semantic": 31,
        "partial": 1,
        "wrong": 0,
        "not_mentioned": 13
      },
      "by_tier": {
        "tier1": {
          "samples": 20,
          "tdr": 1.0,
          "precision": 0.8913043478260869,
          "f1_score": 0.9425287356321839,
          "verdict_accuracy": 1.0,
          "avg_rcir": 0.9724999999999999,
          "avg_ava": 0.9175000000000001,
          "avg_fsv": 0.985
        },
        "tier2": {
          "samples": 37,
          "tdr": 0.8108108108108109,
          "precision": 0.8484848484848485,
          "f1_score": 0.8292201382033564,
          "verdict_accuracy": 0.918918918918919,
          "avg_rcir": 1.0,
          "avg_ava": 1.0,
          "avg_fsv": 0.9833333333333333
        },
        "tier3": {
          "samples": 30,
          "tdr": 0.8333333333333334,
          "precision": 0.8309859154929577,
          "f1_score": 0.8321579689703809,
          "verdict_accuracy": 0.9666666666666667,
          "avg_rcir": 0.988,
          "avg_ava": 0.978,
          "avg_fsv": 0.968
        },
        "tier4": {
          "samples": 13,
          "tdr": 0.9230769230769231,
          "precision": 0.8214285714285714,
          "f1_score": 0.8692913385826772,
          "verdict_accuracy": 1.0,
          "avg_rcir": 0.9874999999999999,
          "avg_ava": 0.9874999999999999,
          "avg_fsv": 0.9791666666666666
        }
      }
    },
    "gemini-3-pro": {
      "detector": "gemini-3-pro",
      "sample_counts": {
        "total": 100,
        "successful": 100,
        "failed": 0
      },
      "detection_metrics": {
        "target_found_count": 74,
        "verdict_correct_count": 97,
        "lucky_guess_count": 1,
        "samples_with_bonus": 46,
        "total_findings": 136,
        "true_positives": 133,
        "false_positives": 3,
        "target_detection_rate": 0.74,
        "miss_rate": 0.26,
        "verdict_accuracy": 0.97,
        "lucky_guess_rate": 0.01,
        "ancillary_discovery_rate": 0.46,
        "avg_findings_per_sample": 1.36,
        "precision": 0.9779411764705882,
        "invalid_finding_rate": 0.022058823529411766,
        "false_alarm_density": 0.03,
        "f1_score": 0.842492723848656
      },
      "quality_scores": {
        "avg_rcir": 1.0,
        "avg_ava": 0.9986486486486486,
        "avg_fsv": 0.9797297297297297
      },
      "classification_totals": {
        "target_matches": 74,
        "partial_matches": 0,
        "bonus_valid": 59,
        "invalid": 0,
        "mischaracterized": 2,
        "design_choice": 1,
        "out_of_scope": 0,
        "security_theater": 0,
        "informational": 0
      },
      "type_match_distribution": {
        "exact": 47,
        "semantic": 27,
        "partial": 0,
        "wrong": 2,
        "not_mentioned": 24
      },
      "by_tier": {
        "tier1": {
          "samples": 20,
          "tdr": 0.75,
          "precision": 1.0,
          "f1_score": 0.8571428571428571,
          "verdict_accuracy": 1.0,
          "avg_rcir": 1.0,
          "avg_ava": 1.0,
          "avg_fsv": 1.0
        },
        "tier2": {
          "samples": 37,
          "tdr": 0.7567567567567568,
          "precision": 0.9787234042553191,
          "f1_score": 0.8535453943008614,
          "verdict_accuracy": 0.972972972972973,
          "avg_rcir": 1.0,
          "avg_ava": 0.9964285714285713,
          "avg_fsv": 0.9892857142857142
        },
        "tier3": {
          "samples": 30,
          "tdr": 0.6333333333333333,
          "precision": 0.95,
          "f1_score": 0.7599999999999999,
          "verdict_accuracy": 0.9666666666666667,
          "avg_rcir": 1.0,
          "avg_ava": 1.0,
          "avg_fsv": 0.9473684210526315
        },
        "tier4": {
          "samples": 13,
          "tdr": 0.9230769230769231,
          "precision": 1.0,
          "f1_score": 0.9600000000000001,
          "verdict_accuracy": 0.9230769230769231,
          "avg_rcir": 1.0,
          "avg_ava": 1.0,
          "avg_fsv": 0.9833333333333334
        }
      }
    },
    "deepseek-v3-2": {
      "detector": "deepseek-v3-2",
      "sample_counts": {
        "total": 100,
        "successful": 99,
        "failed": 1
      },
      "detection_metrics": {
        "target_found_count": 61,
        "verdict_correct_count": 93,
        "lucky_guess_count": 7,
        "samples_with_bonus": 40,
        "total_findings": 178,
        "true_positives": 128,
        "false_positives": 50,
        "target_detection_rate": 0.61,
        "miss_rate": 0.39,
        "verdict_accuracy": 0.93,
        "lucky_guess_rate": 0.07,
        "ancillary_discovery_rate": 0.4,
        "avg_findings_per_sample": 1.78,
        "precision": 0.7191011235955056,
        "invalid_finding_rate": 0.2808988764044944,
        "false_alarm_density": 0.5,
        "f1_score": 0.6600727026798546
      },
      "quality_scores": {
        "avg_rcir": 0.9901639344262296,
        "avg_ava": 0.9762295081967213,
        "avg_fsv": 0.9737704918032787
      },
      "classification_totals": {
        "target_matches": 61,
        "partial_matches": 0,
        "bonus_valid": 67,
        "invalid": 0,
        "mischaracterized": 36,
        "design_choice": 0,
        "out_of_scope": 0,
        "security_theater": 9,
        "informational": 5
      },
      "type_match_distribution": {
        "exact": 30,
        "semantic": 31,
        "partial": 0,
        "wrong": 3,
        "not_mentioned": 35
      },
      "by_tier": {
        "tier1": {
          "samples": 20,
          "tdr": 0.65,
          "precision": 0.7619047619047619,
          "f1_score": 0.7015177065767286,
          "verdict_accuracy": 1.0,
          "avg_rcir": 0.9846153846153847,
          "avg_ava": 0.9576923076923076,
          "avg_fsv": 0.9769230769230769
        },
        "tier2": {
          "samples": 37,
          "tdr": 0.6666666666666666,
          "precision": 0.7543859649122807,
          "f1_score": 0.7078189300411523,
          "verdict_accuracy": 0.9444444444444444,
          "avg_rcir": 1.0,
          "avg_ava": 0.9916666666666667,
          "avg_fsv": 0.9833333333333334
        },
        "tier3": {
          "samples": 30,
          "tdr": 0.4666666666666667,
          "precision": 0.6724137931034483,
          "f1_score": 0.5509586276488396,
          "verdict_accuracy": 0.9333333333333333,
          "avg_rcir": 0.9857142857142858,
          "avg_ava": 0.9714285714285714,
          "avg_fsv": 0.9571428571428572
        },
        "tier4": {
          "samples": 13,
          "tdr": 0.7692307692307693,
          "precision": 0.6666666666666666,