{
  "detector": "claude-opus-4-5",
  "tier": "tier3",
  "judge_model": "glm-4.7",
  "timestamp": "2026-01-06T03:04:11.490613+00:00",
  "sample_counts": {
    "total": 30,
    "successful_evaluations": 29,
    "failed_evaluations": 1
  },
  "detection_metrics": {
    "target_found_count": 17,
    "target_detection_rate": 0.5862068965517241,
    "miss_rate": 0.4137931034482759,
    "lucky_guess_count": 0,
    "lucky_guess_rate": 0.0,
    "samples_with_bonus": 20,
    "ancillary_discovery_rate": 0.6896551724137931,
    "verdict_correct_count": 28,
    "verdict_accuracy": 0.9655172413793104,
    "total_findings": 70,
    "avg_findings_per_sample": 2.413793103448276,
    "true_positives": 47,
    "false_positives": 23,
    "precision": 0.6714285714285714,
    "invalid_finding_rate": 0.32857142857142857,
    "false_alarm_density": 0.7931034482758621,
    "f1_score": 0.6259302781041911
  },
  "quality_scores": {
    "avg_rcir": 0.9941176470588234,
    "avg_ava": 0.9411764705882353,
    "avg_fsv": 0.9823529411764705,
    "std_rcir": 0.02425356250363329,
    "std_ava": 0.10641207361838555,
    "std_fsv": 0.0727606875108999,
    "count": 17
  },
  "classification_totals": {
    "target_matches": 14,
    "partial_matches": 3,
    "bonus_valid": 30,
    "invalid": 0,
    "mischaracterized": 15,
    "design_choice": 2,
    "out_of_scope": 0,
    "security_theater": 0,
    "informational": 6
  },
  "type_match_distribution": {
    "exact": 4,
    "semantic": 10,
    "partial": 3,
    "wrong": 8,
    "not_mentioned": 4
  },
  "by_vulnerability_type": {
    "logic_error": {
      "total_samples": 7,
      "target_found_count": 4,
      "target_detection_rate": 0.5714285714285714,
      "miss_rate": 0.4285714285714286,
      "lucky_guess_count": 0,
      "lucky_guess_rate": 0.0,
      "samples_with_bonus": 3,
      "ancillary_discovery_rate": 0.42857142857142855,
      "verdict_correct_count": 6,
      "verdict_accuracy": 0.8571428571428571,
      "total_findings": 12,
      "avg_findings_per_sample": 1.7142857142857142,
      "true_positives": 7,
      "false_positives": 5,
      "precision": 0.5833333333333334,
      "invalid_finding_rate": 0.4166666666666667,
      "false_alarm_density": 0.7142857142857143,
      "f1_score": 0.577319587628866,
      "classifications": {
        "target_matches": 4,
        "partial_matches": 0,
        "bonus_valid": 3,
        "invalid": 0,
        "mischaracterized": 3,
        "design_choice": 1,
        "out_of_scope": 0,
        "security_theater": 0,
        "informational": 1
      },
      "type_match_distribution": {
        "exact": 0,
        "semantic": 4,
        "partial": 0,
        "wrong": 2,
        "not_mentioned": 1
      },
      "quality_scores": {
        "avg_rcir": 1.0,
        "avg_ava": 1.0,
        "avg_fsv": 1.0,
        "std_rcir": 0.0,
        "std_ava": 0.0,
        "std_fsv": 0.0,
        "count": 4
      }
    },
    "token_incompatibility": {
      "total_samples": 1,
      "target_found_count": 0,
      "target_detection_rate": 0.0,
      "miss_rate": 1.0,
      "lucky_guess_count": 0,
      "lucky_guess_rate": 0.0,
      "samples_with_bonus": 1,
      "ancillary_discovery_rate": 1.0,
      "verdict_correct_count": 1,
      "verdict_accuracy": 1.0,
      "total_findings": 2,
      "avg_findings_per_sample": 2.0,
      "true_positives": 1,
      "false_positives": 1,
      "precision": 0.5,
      "invalid_finding_rate": 0.5,
      "false_alarm_density": 1.0,
      "f1_score": 0.0,
      "classifications": {
        "target_matches": 0,
        "partial_matches": 0,
        "bonus_valid": 1,
        "invalid": 0,
        "mischaracterized": 1,
        "design_choice": 0,
        "out_of_scope": 0,
        "security_theater": 0,
        "informational": 0
      },
      "type_match_distribution": {
        "exact": 0,
        "semantic": 0,
        "partial": 0,
        "wrong": 1,
        "not_mentioned": 0
      },
      "quality_scores": {
        "avg_rcir": null,
        "avg_ava": null,
        "avg_fsv": null,
        "std_rcir": null,
        "std_ava": null,
        "std_fsv": null,
        "count": 0
      }
    },
    "approval_scam": {
      "total_samples": 1,
      "target_found_count": 0,
      "target_detection_rate": 0.0,
      "miss_rate": 1.0,
      "lucky_guess_count": 0,
      "lucky_guess_rate": 0.0,
      "samples_with_bonus": 1,
      "ancillary_discovery_rate": 1.0,
      "verdict_correct_count": 1,
      "verdict_accuracy": 1.0,
      "total_findings": 3,
      "avg_findings_per_sample": 3.0,
      "true_positives": 1,
      "false_positives": 2,
      "precision": 0.3333333333333333,
      "invalid_finding_rate": 0.6666666666666666,
      "false_alarm_density": 2.0,
      "f1_score": 0.0,
      "classifications": {
        "target_matches": 0,
        "partial_matches": 0,
        "bonus_valid": 1,
        "invalid": 0,
        "mischaracterized": 2,
        "design_choice": 0,
        "out_of_scope": 0,
        "security_theater": 0,
        "informational": 0
      },
      "type_match_distribution": {
        "exact": 0,
        "semantic": 0,
        "partial": 0,
        "wrong": 1,
        "not_mentioned": 0
      },
      "quality_scores": {
        "avg_rcir": null,
        "avg_ava": null,
        "avg_fsv": null,
        "std_rcir": null,
        "std_ava": null,
        "std_fsv": null,
        "count": 0
      }
    },
    "precision_loss": {
      "total_samples": 1,
      "target_found_count": 1,
      "target_detection_rate": 1.0,
      "miss_rate": 0.0,
      "lucky_guess_count": 0,
      "lucky_guess_rate": 0.0,
      "samples_with_bonus": 0,
      "ancillary_discovery_rate": 0.0,
      "verdict_correct_count": 1,
      "verdict_accuracy": 1.0,
      "total_findings": 1,
      "avg_findings_per_sample": 1.0,
      "true_positives": 1,
      "false_positives": 0,
      "precision": 1.0,
      "invalid_finding_rate": 0.0,
      "false_alarm_density": 0.0,
      "f1_score": 1.0,
      "classifications": {
        "target_matches": 1,
        "partial_matches": 0,
        "bonus_valid": 0,
        "invalid": 0,
        "mischaracterized": 0,
        "design_choice": 0,
        "out_of_scope": 0,
        "security_theater": 0,
        "informational": 0
      },
      "type_match_distribution": {
        "exact": 0,
        "semantic": 1,
        "partial": 0,
        "wrong": 0,
        "not_mentioned": 0
      },
      "quality_scores": {
        "avg_rcir": 1.0,
        "avg_ava": 1.0,
        "avg_fsv": 1.0,
        "std_rcir": null,
        "std_ava": null,
        "std_fsv": null,
        "count": 1
      }
    },
    "unchecked_call": {
      "total_samples": 2,
      "target_found_count": 2,
      "target_detection_rate": 1.0,
      "miss_rate": 0.0,
      "lucky_guess_count": 0,
      "lucky_guess_rate": 0.0,
      "samples_with_bonus": 1,
      "ancillary_discovery_rate": 0.5,
      "verdict_correct_count": 2,
      "verdict_accuracy": 1.0,
      "total_findings": 5,
      "avg_findings_per_sample": 2.5,
      "true_positives": 3,
      "false_positives": 2,
      "precision": 0.6,
      "invalid_finding_rate": 0.4,
      "false_alarm_density": 1.0,
      "f1_score": 0.7499999999999999,
      "classifications": {
        "target_matches": 1,
        "partial_matches": 1,
        "bonus_valid": 1,
        "invalid": 0,
        "mischaracterized": 2,
        "design_choice": 0,
        "out_of_scope": 0,
        "security_theater": 0,
        "informational": 0
      },
      "type_match_distribution": {
        "exact": 0,
        "semantic": 1,
        "partial": 1,
        "wrong": 0,
        "not_mentioned": 0
      },
      "quality_scores": {
        "avg_rcir": 1.0,
        "avg_ava": 0.95,
        "avg_fsv": 1.0,
        "std_rcir": 0.0,
        "std_ava": 0.07071067811865474,
        "std_fsv": 0.0,
        "count": 2
      }
    },
    "delegatecall_injection": {
      "total_samples": 1,
      "target_found_count": 1,