{
  "total_samples": 15,
  "vulnerable_samples": 15,
  "safe_samples": 0,
  "detection": {
    "accuracy": 0.26666666666666666,
    "precision": 1.0,
    "recall": 0.26666666666666666,
    "f1": 0.4210526315789474,
    "f2": 0.3125,
    "fpr": 0,
    "fnr": 0.7333333333333333,
    "tp": 4,
    "tn": 0,
    "fp": 0,
    "fn": 11
  },
  "target_finding": {
    "target_detection_rate": 0.13333333333333333,
    "lucky_guess_rate": 0.75,
    "bonus_discovery_rate": 0.06666666666666667,
    "target_found_count": 2,
    "lucky_guess_count": 3
  },
  "finding_quality": {
    "finding_precision": 0.0410958904109589,
    "invalid_rate": 0.958904109589041,
    "hallucination_rate": 0.0410958904109589,
    "over_flagging_score": 4.666666666666667,
    "avg_findings_per_sample": 4.866666666666666,
    "total_findings": 73,
    "valid_findings": 3,
    "invalid_findings": 70,
    "hallucinated_findings": 3
  },
  "reasoning_quality": {
    "mean_rcir": 0.75,
    "mean_ava": 0.625,
    "mean_fsv": 0.5,
    "std_rcir": 0.0,
    "std_ava": 0.125,
    "std_fsv": 0.5,
    "n_samples_with_reasoning": 2
  },
  "type_accuracy": {
    "exact_match_rate": 0.0,
    "semantic_match_rate": 0.5,
    "partial_match_rate": 0.5,
    "n_samples": 2
  },
  "calibration": {
    "ece": 0.6749999999999999,
    "mce": 0.9624999999999999,
    "overconfidence_rate": 0.6666666666666667,
    "underconfidence_rate": 0.0,
    "brier_score": 0.62125,
    "n_samples": 6
  },
  "composite": {
    "true_understanding_score": 0.0034246575342465795,
    "sui": 0.3063727168949772,
    "sui_components": {
      "f2": 0.3125,
      "target_detection": 0.13333333333333333,
      "finding_precision": 0.0410958904109589,
      "avg_reasoning": 0.625,
      "calibration": 0.32500000000000007
    },
    "lucky_guess_indicator": 0.13333333333333333
  },
  "by_prompt_type": {
    "direct": {
      "total_samples": 5,
      "vulnerable_samples": 5,
      "safe_samples": 0,
      "detection": {
        "accuracy": 0.4,
        "precision": 1.0,
        "recall": 0.4,
        "f1": 0.5714285714285715,
        "f2": 0.45454545454545453,
        "fpr": 0,
        "fnr": 0.6,
        "tp": 2,
        "tn": 0,
        "fp": 0,
        "fn": 3
      },
      "target_finding": {
        "target_detection_rate": 0.0,
        "lucky_guess_rate": 1.0,
        "bonus_discovery_rate": 0.2,
        "target_found_count": 0,
        "lucky_guess_count": 2
      },
      "finding_quality": {
        "finding_precision": 0.125,
        "invalid_rate": 0.875,
        "hallucination_rate": 0.375,
        "over_flagging_score": 1.4,
        "avg_findings_per_sample": 1.6,
        "total_findings": 8,
        "valid_findings": 1,
        "invalid_findings": 7,
        "hallucinated_findings": 3
      },
      "reasoning_quality": {
        "mean_rcir": null,
        "mean_ava": null,
        "mean_fsv": null,
        "std_rcir": null,
        "std_ava": null,
        "std_fsv": null,
        "n_samples_with_reasoning": 0
      },
      "type_accuracy": {
        "exact_match_rate": 0,
        "semantic_match_rate": 0,
        "partial_match_rate": 0,
        "n_samples": 0
      },
      "calibration": {
        "ece": 0.6099999999999999,
        "mce": 0.9499999999999998,
        "overconfidence_rate": 0.6,
        "underconfidence_rate": 0.0,
        "brier_score": 0.5455,
        "n_samples": 5
      },
      "composite": {
        "true_understanding_score": 0.0,
        "sui": 0.17138636363636364,
        "sui_components": {
          "f2": 0.45454545454545453,
          "target_detection": 0.0,
          "finding_precision": 0.125,
          "avg_reasoning": 0,
          "calibration": 0.3900000000000001
        },
        "lucky_guess_indicator": 0.4
      }
    },
    "naturalistic": {
      "total_samples": 5,
      "vulnerable_samples": 5,
      "safe_samples": 0,
      "detection": {
        "accuracy": 0.2,
        "precision": 1.0,
        "recall": 0.2,
        "f1": 0.33333333333333337,
        "f2": 0.23809523809523808,
        "fpr": 0,
        "fnr": 0.8,
        "tp": 1,
        "tn": 0,
        "fp": 0,
        "fn": 4
      },
      "target_finding": {
        "target_detection_rate": 0.2,
        "lucky_guess_rate": 0.0,
        "bonus_discovery_rate": 0.0,
        "target_found_count": 1,
        "lucky_guess_count": 0
      },
      "finding_quality": {
        "finding_precision": 0.022727272727272728,
        "invalid_rate": 0.9772727272727273,
        "hallucination_rate": 0.0,
        "over_flagging_score": 8.6,
        "avg_findings_per_sample": 8.8,
        "total_findings": 44,
        "valid_findings": 1,
        "invalid_findings": 43,
        "hallucinated_findings": 0
      },
      "reasoning_quality": {
        "mean_rcir": 0.75,
        "mean_ava": 0.75,
        "mean_fsv": 1.0,
        "std_rcir": 0.0,
        "std_ava": 0.0,
        "std_fsv": 0.0,
        "n_samples_with_reasoning": 1
      },
      "type_accuracy": {
        "exact_match_rate": 0.0,
        "semantic_match_rate": 1.0,
        "partial_match_rate": 0.0,
        "n_samples": 1
      },
      "calibration": {
        "ece": null,
        "mce": null,
        "overconfidence_rate": null,
        "underconfidence_rate": null,
        "brier_score": null,
        "n_samples": 0
      },
      "composite": {
        "true_understanding_score": 0.003787878787878785,
        "sui": 0.3712662337662338,
        "sui_components": {
          "f2": 0.23809523809523808,
          "target_detection": 0.2,
          "finding_precision": 0.022727272727272728,
          "avg_reasoning": 0.8333333333333334,
          "calibration": 0.5
        },
        "lucky_guess_indicator": 0.0
      }
    },
    "adversarial": {
      "total_samples": 5,
      "vulnerable_samples": 5,
      "safe_samples": 0,
      "detection": {
        "accuracy": 0.2,
        "precision": 1.0,
        "recall": 0.2,
        "f1": 0.33333333333333337,
        "f2": 0.23809523809523808,
        "fpr": 0,
        "fnr": 0.8,
        "tp": 1,
        "tn": 0,
        "fp": 0,
        "fn": 4
      },
      "target_finding": {
        "target_detection_rate": 0.2,
        "lucky_guess_rate": 1.0,
        "bonus_discovery_rate": 0.0,
        "target_found_count": 1,
        "lucky_guess_count": 1
      },
      "finding_quality": {
        "finding_precision": 0.047619047619047616,
        "invalid_rate": 0.9523809523809523,
        "hallucination_rate": 0.0,
        "over_flagging_score": 4.0,
        "avg_findings_per_sample": 4.2,
        "total_findings": 21,
        "valid_findings": 1,
        "invalid_findings": 20,
        "hallucinated_findings": 0
      },
      "reasoning_quality": {
        "mean_rcir": 0.75,
        "mean_ava": 0.5,
        "mean_fsv": 0.0,
        "std_rcir": 0.0,
        "std_ava": 0.0,
        "std_fsv": 0.0,
        "n_samples_with_reasoning": 1
      },
      "type_accuracy": {
        "exact_match_rate": 0.0,
        "semantic_match_rate": 0.0,
        "partial_match_rate": 1.0,
        "n_samples": 1
      },
      "calibration": {
        "ece": 1.0,
        "mce": 1.0,
        "overconfidence_rate": 1.0,
        "underconfidence_rate": 0.0,
        "brier_score": 1.0,
        "n_samples": 1
      },
      "composite": {
        "true_understanding_score": 0.003968253968253973,
        "sui": 0.22083333333333333,
        "sui_components": {
          "f2": 0.23809523809523808,
          "target_detection": 0.2,
          "finding_precision": 0.047619047619047616,
          "avg_reasoning": 0.4166666666666667,
          "calibration": 0.0
        },
        "lucky_guess_indicator": 0.0
      }
    }
  }
}