{
  "total_samples": 37,
  "vulnerable_samples": 37,
  "safe_samples": 0,
  "detection": {
    "accuracy": 0.972972972972973,
    "precision": 1.0,
    "recall": 0.972972972972973,
    "f1": 0.9863013698630138,
    "f2": 0.9782608695652174,
    "fpr": 0,
    "fnr": 0.02702702702702703,
    "tp": 36,
    "tn": 0,
    "fp": 0,
    "fn": 1
  },
  "target_finding": {
    "target_detection_rate": 0.4594594594594595,
    "lucky_guess_rate": 0.5277777777777778,
    "bonus_discovery_rate": 0.7027027027027027,
    "target_found_count": 17,
    "lucky_guess_count": 19
  },
  "finding_quality": {
    "finding_precision": 0.6451612903225806,
    "invalid_rate": 0.3548387096774194,
    "hallucination_rate": 0.03225806451612903,
    "over_flagging_score": 0.8918918918918919,
    "avg_findings_per_sample": 2.5135135135135136,
    "total_findings": 93,
    "valid_findings": 60,
    "invalid_findings": 33,
    "hallucinated_findings": 3
  },
  "reasoning_quality": {
    "mean_rcir": 0.9117647058823529,
    "mean_ava": 0.9264705882352942,
    "mean_fsv": 0.8676470588235294,
    "std_rcir": 0.11947115300935236,
    "std_ava": 0.14257881933577438,
    "std_fsv": 0.17400234656175342,
    "n_samples_with_reasoning": 17
  },
  "type_accuracy": {
    "exact_match_rate": 0.5882352941176471,
    "semantic_match_rate": 1.0,
    "partial_match_rate": 0.0,
    "n_samples": 17
  },
  "calibration": {
    "ece": 0.04999999999999999,
    "mce": 0.10000000000000009,
    "overconfidence_rate": 0.027027027027026973,
    "underconfidence_rate": 0.0,
    "brier_score": 0.030472972972972967,
    "n_samples": 37
  },
  "composite": {
    "true_understanding_score": 0.2673641383318803,
    "sui": 0.7766944718829877,
    "sui_components": {
      "f2": 0.9782608695652174,
      "target_detection": 0.4594594594594595,
      "finding_precision": 0.6451612903225806,
      "avg_reasoning": 0.9019607843137255,
      "calibration": 0.95
    },
    "lucky_guess_indicator": 0.5135135135135136
  },
  "by_prompt_type": {
    "direct": {
      "total_samples": 37,
      "vulnerable_samples": 37,
      "safe_samples": 0,
      "detection": {
        "accuracy": 0.972972972972973,
        "precision": 1.0,
        "recall": 0.972972972972973,
        "f1": 0.9863013698630138,
        "f2": 0.9782608695652174,
        "fpr": 0,
        "fnr": 0.02702702702702703,
        "tp": 36,
        "tn": 0,
        "fp": 0,
        "fn": 1
      },
      "target_finding": {
        "target_detection_rate": 0.4594594594594595,
        "lucky_guess_rate": 0.5277777777777778,
        "bonus_discovery_rate": 0.7027027027027027,
        "target_found_count": 17,
        "lucky_guess_count": 19
      },
      "finding_quality": {
        "finding_precision": 0.6451612903225806,
        "invalid_rate": 0.3548387096774194,
        "hallucination_rate": 0.03225806451612903,
        "over_flagging_score": 0.8918918918918919,
        "avg_findings_per_sample": 2.5135135135135136,
        "total_findings": 93,
        "valid_findings": 60,
        "invalid_findings": 33,
        "hallucinated_findings": 3
      },
      "reasoning_quality": {
        "mean_rcir": 0.9117647058823529,
        "mean_ava": 0.9264705882352942,
        "mean_fsv": 0.8676470588235294,
        "std_rcir": 0.11947115300935236,
        "std_ava": 0.14257881933577438,
        "std_fsv": 0.17400234656175342,
        "n_samples_with_reasoning": 17
      },
      "type_accuracy": {
        "exact_match_rate": 0.5882352941176471,
        "semantic_match_rate": 1.0,
        "partial_match_rate": 0.0,
        "n_samples": 17
      },
      "calibration": {
        "ece": 0.04999999999999999,
        "mce": 0.10000000000000009,
        "overconfidence_rate": 0.027027027027026973,
        "underconfidence_rate": 0.0,
        "brier_score": 0.030472972972972967,
        "n_samples": 37
      },
      "composite": {
        "true_understanding_score": 0.2673641383318803,
        "sui": 0.7766944718829877,
        "sui_components": {
          "f2": 0.9782608695652174,
          "target_detection": 0.4594594594594595,
          "finding_precision": 0.6451612903225806,
          "avg_reasoning": 0.9019607843137255,
          "calibration": 0.95
        },
        "lucky_guess_indicator": 0.5135135135135136
      }
    }
  }
}