{
  "snapshot_timestamp": "2025-12-18T19:15:45.119416",
  "sample_count": 15,
  "metrics": {
    "total_samples": 15,
    "vulnerable_samples": 15,
    "safe_samples": 0,
    "detection": {
      "accuracy": 0.7333333333333333,
      "precision": 1.0,
      "recall": 0.7333333333333333,
      "f1": 0.846153846153846,
      "f2": 0.7746478873239436,
      "fpr": 0,
      "fnr": 0.26666666666666666,
      "tp": 11,
      "tn": 0,
      "fp": 0,
      "fn": 4
    },
    "target_finding": {
      "target_detection_rate": 0.3333333333333333,
      "lucky_guess_rate": 0.5454545454545454,
      "bonus_discovery_rate": 0.3333333333333333,
      "target_found_count": 5,
      "lucky_guess_count": 6
    },
    "finding_quality": {
      "finding_precision": 0.23214285714285715,
      "invalid_rate": 0.7678571428571429,
      "hallucination_rate": 0.0,
      "over_flagging_score": 2.8666666666666667,
      "avg_findings_per_sample": 3.7333333333333334,
      "total_findings": 56,
      "valid_findings": 13,
      "invalid_findings": 43,
      "hallucinated_findings": 0
    },
    "reasoning_quality": {
      "mean_rcir": 0.85,
      "mean_ava": 0.8,
      "mean_fsv": 0.8,
      "std_rcir": 0.1224744871391589,
      "std_ava": 0.18708286933869706,
      "std_fsv": 0.4,
      "n_samples_with_reasoning": 5
    },
    "type_accuracy": {
      "exact_match_rate": 0.4,
      "semantic_match_rate": 1.0,
      "partial_match_rate": 0.0,
      "n_samples": 5
    },
    "calibration": {
      "ece": 0.2285714285714286,
      "mce": 0.2333333333333334,
      "overconfidence_rate": 0.2857142857142857,
      "underconfidence_rate": 0.0,
      "brier_score": 0.24785714285714286,
      "n_samples": 7
    },
    "composite": {
      "true_understanding_score": 0.06319444444444444,
      "sui": 0.5931262575452716,
      "sui_components": {
        "f2": 0.7746478873239436,
        "target_detection": 0.3333333333333333,
        "finding_precision": 0.23214285714285715,
        "avg_reasoning": 0.8166666666666668,
        "calibration": 0.7714285714285714
      },
      "lucky_guess_indicator": 0.39999999999999997
    },
    "by_prompt_type": {
      "direct": {
        "total_samples": 5,
        "vulnerable_samples": 5,
        "safe_samples": 0,
        "detection": {
          "accuracy": 0.8,
          "precision": 1.0,
          "recall": 0.8,
          "f1": 0.888888888888889,
          "f2": 0.8333333333333334,
          "fpr": 0,
          "fnr": 0.2,
          "tp": 4,
          "tn": 0,
          "fp": 0,
          "fn": 1
        },
        "target_finding": {
          "target_detection_rate": 0.2,
          "lucky_guess_rate": 0.75,
          "bonus_discovery_rate": 0.2,
          "target_found_count": 1,
          "lucky_guess_count": 3
        },
        "finding_quality": {
          "finding_precision": 0.2857142857142857,
          "invalid_rate": 0.7142857142857143,
          "hallucination_rate": 0.0,
          "over_flagging_score": 1.0,
          "avg_findings_per_sample": 1.4,
          "total_findings": 7,
          "valid_findings": 2,
          "invalid_findings": 5,
          "hallucinated_findings": 0
        },
        "reasoning_quality": {
          "mean_rcir": 1.0,
          "mean_ava": 1.0,
          "mean_fsv": 1.0,
          "std_rcir": 0.0,
          "std_ava": 0.0,
          "std_fsv": 0.0,
          "n_samples_with_reasoning": 1
        },
        "type_accuracy": {
          "exact_match_rate": 1.0,
          "semantic_match_rate": 1.0,
          "partial_match_rate": 0.0,
          "n_samples": 1
        },
        "calibration": {
          "ece": 0.22000000000000003,
          "mce": 0.30000000000000004,
          "overconfidence_rate": 0.19999999999999996,
          "underconfidence_rate": 0.0,
          "brier_score": 0.185,
          "n_samples": 5
        },
        "composite": {
          "true_understanding_score": 0.05714285714285714,
          "sui": 0.6291904761904762,
          "sui_components": {
            "f2": 0.8333333333333334,
            "target_detection": 0.2,
            "finding_precision": 0.2857142857142857,
            "avg_reasoning": 1.0,
            "calibration": 0.78
          },
          "lucky_guess_indicator": 0.6000000000000001
        }
      },
      "naturalistic": {
        "total_samples": 5,
        "vulnerable_samples": 5,
        "safe_samples": 0,
        "detection": {
          "accuracy": 0.6,
          "precision": 1.0,
          "recall": 0.6,
          "f1": 0.7499999999999999,
          "f2": 0.6521739130434783,
          "fpr": 0,
          "fnr": 0.4,
          "tp": 3,
          "tn": 0,
          "fp": 0,
          "fn": 2
        },
        "target_finding": {
          "target_detection_rate": 0.4,
          "lucky_guess_rate": 0.3333333333333333,
          "bonus_discovery_rate": 0.4,
          "target_found_count": 2,
          "lucky_guess_count": 1
        },
        "finding_quality": {
          "finding_precision": 0.21428571428571427,
          "invalid_rate": 0.7857142857142857,
          "hallucination_rate": 0.0,
          "over_flagging_score": 4.4,
          "avg_findings_per_sample": 5.6,
          "total_findings": 28,
          "valid_findings": 6,
          "invalid_findings": 22,
          "hallucinated_findings": 0
        },
        "reasoning_quality": {
          "mean_rcir": 0.75,
          "mean_ava": 0.75,
          "mean_fsv": 1.0,
          "std_rcir": 0.0,
          "std_ava": 0.0,
          "std_fsv": 0.0,
          "n_samples_with_reasoning": 2
        },
        "type_accuracy": {
          "exact_match_rate": 0.0,
          "semantic_match_rate": 1.0,
          "partial_match_rate": 0.0,
          "n_samples": 2
        },
        "calibration": {
          "ece": null,
          "mce": null,
          "overconfidence_rate": null,
          "underconfidence_rate": null,
          "brier_score": null,
          "n_samples": 0
        },
        "composite": {
          "true_understanding_score": 0.07142857142857144,
          "sui": 0.55351966873706,
          "sui_components": {
            "f2": 0.6521739130434783,
            "target_detection": 0.4,
            "finding_precision": 0.21428571428571427,
            "avg_reasoning": 0.8333333333333334,
            "calibration": 0.5
          },
          "lucky_guess_indicator": 0.19999999999999996
        }
      },
      "adversarial": {
        "total_samples": 5,
        "vulnerable_samples": 5,
        "safe_samples": 0,
        "detection": {
          "accuracy": 0.8,
          "precision": 1.0,
          "recall": 0.8,
          "f1": 0.888888888888889,
          "f2": 0.8333333333333334,
          "fpr": 0,
          "fnr": 0.2,
          "tp": 4,
          "tn": 0,
          "fp": 0,
          "fn": 1
        },
        "target_finding": {
          "target_detection_rate": 0.4,
          "lucky_guess_rate": 0.5,
          "bonus_discovery_rate": 0.4,
          "target_found_count": 2,
          "lucky_guess_count": 2
        },
        "finding_quality": {
          "finding_precision": 0.23809523809523808,
          "invalid_rate": 0.7619047619047619,
          "hallucination_rate": 0.0,
          "over_flagging_score": 3.2,
          "avg_findings_per_sample": 4.2,
          "total_findings": 21,
          "valid_findings": 5,
          "invalid_findings": 16,
          "hallucinated_findings": 0
        },
        "reasoning_quality": {
          "mean_rcir": 0.875,
          "mean_ava": 0.75,
          "mean_fsv": 0.5,
          "std_rcir": 0.125,
          "std_ava": 0.25,
          "std_fsv": 0.5,
          "n_samples_with_reasoning": 2
        },
        "type_accuracy": {
          "exact_match_rate": 0.5,
          "semantic_match_rate": 1.0,
          "partial_match_rate": 0.0,
          "n_samples": 2
        },
        "calibration": {
          "ece": 0.45,
          "mce": 0.9,
          "overconfidence_rate": 0.5,
          "underconfidence_rate": 0.0,