{
  "subset": "Gold Standard",
  "results": {
    "balanced": {
      "claude_opus_4.5": {
        "sui": 0.4637,
        "tdr": 0.2,
        "reasoning": 0.9166666666666666,
        "precision": 0.28,
        "num_samples": 20
      },
      "gpt-5.2": {
        "sui": 0.5008079365079365,
        "tdr": 0.25,
        "reasoning": 0.85,
        "precision": 0.4053174603174603,
        "num_samples": 20
      },
      "gemini_3_pro_preview": {
        "sui": 0.4607280701754386,
        "tdr": 0.2631578947368421,
        "reasoning": 0.8166666666666668,
        "precision": 0.30701754385964913,
        "num_samples": 19
      },
      "grok_4": {
        "sui": 0.5100619047619048,
        "tdr": 0.2,
        "reasoning": 1.0,
        "precision": 0.3354761904761905,
        "num_samples": 20
      },
      "deepseek_v3.2": {
        "sui": 0.33133333333333337,
        "tdr": 0.1,
        "reasoning": 0.625,
        "precision": 0.2708333333333333,
        "num_samples": 20
      },
      "llama_3.1_405b": {
        "sui": 0.3499248120300752,
        "tdr": 0.05263157894736842,
        "reasoning": 1.0,
        "precision": 0.007518796992481203,
        "num_samples": 19
      }
    },
    "default": {
      "claude_opus_4.5": {
        "sui": 0.439,
        "tdr": 0.2,
        "reasoning": 0.9166666666666666,
        "precision": 0.28,
        "num_samples": 20
      },
      "gpt-5.2": {
        "sui": 0.47659523809523807,
        "tdr": 0.25,
        "reasoning": 0.85,
        "precision": 0.4053174603174603,
        "num_samples": 20
      },
      "gemini_3_pro_preview": {
        "sui": 0.4423684210526316,
        "tdr": 0.2631578947368421,
        "reasoning": 0.8166666666666668,
        "precision": 0.30701754385964913,
        "num_samples": 19
      },
      "grok_4": {
        "sui": 0.48064285714285715,
        "tdr": 0.2,
        "reasoning": 1.0,
        "precision": 0.3354761904761905,
        "num_samples": 20
      },
      "deepseek_v3.2": {
        "sui": 0.30874999999999997,
        "tdr": 0.1,
        "reasoning": 0.625,
        "precision": 0.2708333333333333,
        "num_samples": 20
      },
      "llama_3.1_405b": {
        "sui": 0.3233082706766917,
        "tdr": 0.05263157894736842,
        "reasoning": 1.0,
        "precision": 0.007518796992481203,
        "num_samples": 19
      }
    },
    "quality_first": {
      "claude_opus_4.5": {
        "sui": 0.5106666666666667,
        "tdr": 0.2,
        "reasoning": 0.9166666666666666,
        "precision": 0.28,
        "num_samples": 20
      },
      "gpt-5.2": {
        "sui": 0.5365952380952381,
        "tdr": 0.25,
        "reasoning": 0.85,
        "precision": 0.4053174603174603,
        "num_samples": 20
      },
      "gemini_3_pro_preview": {
        "sui": 0.49771929824561406,
        "tdr": 0.2631578947368421,
        "reasoning": 0.8166666666666668,
        "precision": 0.30701754385964913,
        "num_samples": 19
      },
      "grok_4": {
        "sui": 0.5606428571428572,
        "tdr": 0.2,
        "reasoning": 1.0,
        "precision": 0.3354761904761905,
        "num_samples": 20
      },
      "deepseek_v3.2": {
        "sui": 0.36125,
        "tdr": 0.1,
        "reasoning": 0.625,
        "precision": 0.2708333333333333,
        "num_samples": 20
      },
      "llama_3.1_405b": {
        "sui": 0.4180451127819549,
        "tdr": 0.05263157894736842,
        "reasoning": 1.0,
        "precision": 0.007518796992481203,
        "num_samples": 19
      }
    },
    "precision_first": {
      "claude_opus_4.5": {
        "sui": 0.44699999999999995,
        "tdr": 0.2,
        "reasoning": 0.9166666666666666,
        "precision": 0.28,
        "num_samples": 20
      },
      "gpt-5.2": {
        "sui": 0.49212698412698413,
        "tdr": 0.25,
        "reasoning": 0.85,
        "precision": 0.4053174603174603,
        "num_samples": 20
      },
      "gemini_3_pro_preview": {
        "sui": 0.4467543859649123,
        "tdr": 0.2631578947368421,
        "reasoning": 0.8166666666666668,
        "precision": 0.30701754385964913,
        "num_samples": 19
      },
      "grok_4": {
        "sui": 0.4941904761904762,
        "tdr": 0.2,
        "reasoning": 1.0,
        "precision": 0.3354761904761905,
        "num_samples": 20
      },
      "deepseek_v3.2": {
        "sui": 0.3258333333333333,
        "tdr": 0.1,
        "reasoning": 0.625,
        "precision": 0.2708333333333333,
        "num_samples": 20
      },
      "llama_3.1_405b": {
        "sui": 0.31879699248120297,
        "tdr": 0.05263157894736842,
        "reasoning": 1.0,
        "precision": 0.007518796992481203,
        "num_samples": 19
      }
    },
    "detection_heavy": {
      "claude_opus_4.5": {
        "sui": 0.39916666666666667,
        "tdr": 0.2,
        "reasoning": 0.9166666666666666,
        "precision": 0.28,
        "num_samples": 20
      },
      "gpt-5.2": {
        "sui": 0.4388293650793651,
        "tdr": 0.25,
        "reasoning": 0.85,
        "precision": 0.4053174603174603,
        "num_samples": 20
      },
      "gemini_3_pro_preview": {
        "sui": 0.41250000000000003,
        "tdr": 0.2631578947368421,
        "reasoning": 0.8166666666666668,
        "precision": 0.30701754385964913,
        "num_samples": 19
      },
      "grok_4": {
        "sui": 0.4338690476190476,
        "tdr": 0.2,
        "reasoning": 1.0,
        "precision": 0.3354761904761905,
        "num_samples": 20
      },
      "deepseek_v3.2": {
        "sui": 0.2739583333333333,
        "tdr": 0.1,
        "reasoning": 0.625,
        "precision": 0.2708333333333333,
        "num_samples": 20
      },
      "llama_3.1_405b": {
        "sui": 0.2781954887218045,
        "tdr": 0.05263157894736842,
        "reasoning": 1.0,
        "precision": 0.007518796992481203,
        "num_samples": 19
      }
    }
  },
  "rankings": {
    "balanced": [
      [
        "grok_4",
        1
      ],
      [
        "gpt-5.2",
        2
      ],
      [
        "claude_opus_4.5",
        3
      ],
      [
        "gemini_3_pro_preview",
        4
      ],
      [
        "llama_3.1_405b",
        5
      ],
      [
        "deepseek_v3.2",
        6
      ]
    ],
    "default": [
      [
        "grok_4",
        1
      ],
      [
        "gpt-5.2",
        2
      ],
      [
        "gemini_3_pro_preview",
        3
      ],
      [
        "claude_opus_4.5",
        4
      ],
      [
        "llama_3.1_405b",
        5
      ],
      [
        "deepseek_v3.2",
        6
      ]
    ],
    "quality_first": [
      [
        "grok_4",
        1
      ],
      [
        "gpt-5.2",
        2
      ],
      [
        "claude_opus_4.5",
        3
      ],
      [
        "gemini_3_pro_preview",
        4
      ],
      [
        "llama_3.1_405b",
        5
      ],
      [
        "deepseek_v3.2",
        6
      ]
    ],
    "precision_first": [
      [
        "grok_4",
        1
      ],
      [
        "gpt-5.2",
        2
      ],
      [
        "claude_opus_4.5",
        3
      ],
      [
        "gemini_3_pro_preview",
        4
      ],
      [
        "deepseek_v3.2",
        5
      ],
      [
        "llama_3.1_405b",
        6
      ]
    ],
    "detection_heavy": [
      [
        "gpt-5.2",
        1
      ],
      [
        "grok_4",
        2
      ],
      [
        "gemini_3_pro_preview",
        3
      ],
      [
        "claude_opus_4.5",
        4
      ],
      [
        "llama_3.1_405b",
        5
      ],
      [
        "deepseek_v3.2",
        6
      ]
    ]
  },
  "correlations": {
    "balanced_vs_default": 0.942857142857143,
    "balanced_vs_quality_first": 1.0,
    "balanced_vs_precision_first": 0.942857142857143,
    "balanced_vs_detection_heavy": 0.8857142857142858,
    "default_vs_quality_first": 0.942857142857143,
    "default_vs_precision_first": 0.8857142857142858,
    "default_vs_detection_heavy": 0.942857142857143,