{
  "snapshot_timestamp": "2025-12-18T19:19:21.121584",
  "sample_count": 15,
  "metrics": {
    "total_samples": 15,
    "vulnerable_samples": 15,
    "safe_samples": 0,
    "detection": {
      "accuracy": 0.26666666666666666,
      "precision": 1.0,
      "recall": 0.26666666666666666,
      "f1": 0.4210526315789474,
      "f2": 0.3125,
      "fpr": 0,
      "fnr": 0.7333333333333333,
      "tp": 4,
      "tn": 0,
      "fp": 0,
      "fn": 11
    },
    "target_finding": {
      "target_detection_rate": 0.13333333333333333,
      "lucky_guess_rate": 0.75,
      "bonus_discovery_rate": 0.4,
      "target_found_count": 2,
      "lucky_guess_count": 3
    },
    "finding_quality": {
      "finding_precision": 0.1267605633802817,
      "invalid_rate": 0.8732394366197183,
      "hallucination_rate": 0.0,
      "over_flagging_score": 4.133333333333334,
      "avg_findings_per_sample": 4.733333333333333,
      "total_findings": 71,
      "valid_findings": 9,
      "invalid_findings": 62,
      "hallucinated_findings": 0
    },
    "reasoning_quality": {
      "mean_rcir": 0.875,
      "mean_ava": 0.875,
      "mean_fsv": 0.75,
      "std_rcir": 0.125,
      "std_ava": 0.125,
      "std_fsv": 0.25,
      "n_samples_with_reasoning": 2
    },
    "type_accuracy": {
      "exact_match_rate": 0.5,
      "semantic_match_rate": 1.0,
      "partial_match_rate": 0.0,
      "n_samples": 2
    },
    "calibration": {
      "ece": 0.7428571428571429,
      "mce": 1.0,
      "overconfidence_rate": 0.7142857142857143,
      "underconfidence_rate": 0.0,
      "brier_score": 0.7171428571428571,
      "n_samples": 7
    },
    "composite": {
      "true_understanding_score": 0.014084507042253528,
      "sui": 0.3645200368879946,
      "sui_components": {
        "f2": 0.3125,
        "target_detection": 0.13333333333333333,
        "finding_precision": 0.1267605633802817,
        "avg_reasoning": 0.8333333333333334,
        "calibration": 0.2571428571428571
      },
      "lucky_guess_indicator": 0.13333333333333333
    },
    "by_prompt_type": {
      "direct": {
        "total_samples": 5,
        "vulnerable_samples": 5,
        "safe_samples": 0,
        "detection": {
          "accuracy": 0.4,
          "precision": 1.0,
          "recall": 0.4,
          "f1": 0.5714285714285715,
          "f2": 0.45454545454545453,
          "fpr": 0,
          "fnr": 0.6,
          "tp": 2,
          "tn": 0,
          "fp": 0,
          "fn": 3
        },
        "target_finding": {
          "target_detection_rate": 0.0,
          "lucky_guess_rate": 1.0,
          "bonus_discovery_rate": 0.4,
          "target_found_count": 0,
          "lucky_guess_count": 2
        },
        "finding_quality": {
          "finding_precision": 0.2,
          "invalid_rate": 0.8,
          "hallucination_rate": 0.0,
          "over_flagging_score": 1.6,
          "avg_findings_per_sample": 2.0,
          "total_findings": 10,
          "valid_findings": 2,
          "invalid_findings": 8,
          "hallucinated_findings": 0
        },
        "reasoning_quality": {
          "mean_rcir": null,
          "mean_ava": null,
          "mean_fsv": null,
          "std_rcir": null,
          "std_ava": null,
          "std_fsv": null,
          "n_samples_with_reasoning": 0
        },
        "type_accuracy": {
          "exact_match_rate": 0,
          "semantic_match_rate": 0,
          "partial_match_rate": 0,
          "n_samples": 0
        },
        "calibration": {
          "ece": 0.64,
          "mce": 1.0,
          "overconfidence_rate": 0.6,
          "underconfidence_rate": 0.0,
          "brier_score": 0.6039999999999999,
          "n_samples": 5
        },
        "composite": {
          "true_understanding_score": 0.0,
          "sui": 0.17963636363636362,
          "sui_components": {
            "f2": 0.45454545454545453,
            "target_detection": 0.0,
            "finding_precision": 0.2,
            "avg_reasoning": 0,
            "calibration": 0.36
          },
          "lucky_guess_indicator": 0.4
        }
      },
      "naturalistic": {
        "total_samples": 5,
        "vulnerable_samples": 5,
        "safe_samples": 0,
        "detection": {
          "accuracy": 0.2,
          "precision": 1.0,
          "recall": 0.2,
          "f1": 0.33333333333333337,
          "f2": 0.23809523809523808,
          "fpr": 0,
          "fnr": 0.8,
          "tp": 1,
          "tn": 0,
          "fp": 0,
          "fn": 4
        },
        "target_finding": {
          "target_detection_rate": 0.4,
          "lucky_guess_rate": 0.0,
          "bonus_discovery_rate": 0.4,
          "target_found_count": 2,
          "lucky_guess_count": 0
        },
        "finding_quality": {
          "finding_precision": 0.15625,
          "invalid_rate": 0.84375,
          "hallucination_rate": 0.0,
          "over_flagging_score": 5.4,
          "avg_findings_per_sample": 6.4,
          "total_findings": 32,
          "valid_findings": 5,
          "invalid_findings": 27,
          "hallucinated_findings": 0
        },
        "reasoning_quality": {
          "mean_rcir": 0.875,
          "mean_ava": 0.875,
          "mean_fsv": 0.75,
          "std_rcir": 0.125,
          "std_ava": 0.125,
          "std_fsv": 0.25,
          "n_samples_with_reasoning": 2
        },
        "type_accuracy": {
          "exact_match_rate": 0.5,
          "semantic_match_rate": 1.0,
          "partial_match_rate": 0.0,
          "n_samples": 2
        },
        "calibration": {
          "ece": null,
          "mce": null,
          "overconfidence_rate": null,
          "underconfidence_rate": null,
          "brier_score": null,
          "n_samples": 0
        },
        "composite": {
          "true_understanding_score": 0.05208333333333334,
          "sui": 0.44129464285714287,
          "sui_components": {
            "f2": 0.23809523809523808,
            "target_detection": 0.4,
            "finding_precision": 0.15625,
            "avg_reasoning": 0.8333333333333334,
            "calibration": 0.5
          },
          "lucky_guess_indicator": -0.2
        }
      },
      "adversarial": {
        "total_samples": 5,
        "vulnerable_samples": 5,
        "safe_samples": 0,
        "detection": {
          "accuracy": 0.2,
          "precision": 1.0,
          "recall": 0.2,
          "f1": 0.33333333333333337,
          "f2": 0.23809523809523808,
          "fpr": 0,
          "fnr": 0.8,
          "tp": 1,
          "tn": 0,
          "fp": 0,
          "fn": 4
        },
        "target_finding": {
          "target_detection_rate": 0.0,
          "lucky_guess_rate": 1.0,
          "bonus_discovery_rate": 0.4,
          "target_found_count": 0,
          "lucky_guess_count": 1
        },
        "finding_quality": {
          "finding_precision": 0.06896551724137931,
          "invalid_rate": 0.9310344827586207,
          "hallucination_rate": 0.0,
          "over_flagging_score": 5.4,
          "avg_findings_per_sample": 5.8,
          "total_findings": 29,
          "valid_findings": 2,
          "invalid_findings": 27,
          "hallucinated_findings": 0
        },
        "reasoning_quality": {
          "mean_rcir": null,
          "mean_ava": null,
          "mean_fsv": null,
          "std_rcir": null,
          "std_ava": null,
          "std_fsv": null,
          "n_samples_with_reasoning": 0
        },
        "type_accuracy": {
          "exact_match_rate": 0,
          "semantic_match_rate": 0,
          "partial_match_rate": 0,
          "n_samples": 0
        },
        "calibration": {
          "ece": 1.0,
          "mce": 1.0,
          "overconfidence_rate": 1.0,
          "underconfidence_rate": 0.0,
          "brier_score": 1.0,
          "n_samples": 2
        },
        "composite": {
          "true_understanding_score": 0.0,
          "sui": 0.06986863711001642,
          "sui_components": {
            "f2": 0.23809523809523808,