{
  "snapshot_timestamp": "2025-12-18T17:12:47.123780",
  "sample_count": 58,
  "metrics": {
    "total_samples": 58,
    "vulnerable_samples": 58,
    "safe_samples": 0,
    "detection": {
      "accuracy": 0.9137931034482759,
      "precision": 1.0,
      "recall": 0.9137931034482759,
      "f1": 0.9549549549549551,
      "f2": 0.9298245614035089,
      "fpr": 0,
      "fnr": 0.08620689655172414,
      "tp": 53,
      "tn": 0,
      "fp": 0,
      "fn": 5
    },
    "target_finding": {
      "target_detection_rate": 0.5862068965517241,
      "lucky_guess_rate": 0.3584905660377358,
      "bonus_discovery_rate": 0.7068965517241379,
      "target_found_count": 34,
      "lucky_guess_count": 19
    },
    "finding_quality": {
      "finding_precision": 0.6851851851851852,
      "invalid_rate": 0.3148148148148148,
      "hallucination_rate": 0.006172839506172839,
      "over_flagging_score": 0.8793103448275862,
      "avg_findings_per_sample": 2.793103448275862,
      "total_findings": 162,
      "valid_findings": 111,
      "invalid_findings": 51,
      "hallucinated_findings": 1
    },
    "reasoning_quality": {
      "mean_rcir": 0.9779411764705882,
      "mean_ava": 0.9926470588235294,
      "mean_fsv": 0.9632352941176471,
      "std_rcir": 0.07090919677200702,
      "std_ava": 0.04223943122454432,
      "std_fsv": 0.10731264352445899,
      "n_samples_with_reasoning": 34
    },
    "type_accuracy": {
      "exact_match_rate": 0.7058823529411765,
      "semantic_match_rate": 1.0,
      "partial_match_rate": 0.0,
      "n_samples": 34
    },
    "calibration": {
      "ece": 0.08931034482758618,
      "mce": 0.24153846153846137,
      "overconfidence_rate": 0.08620689655172409,
      "underconfidence_rate": 0.0,
      "brier_score": 0.06491724137931033,
      "n_samples": 58
    },
    "composite": {
      "true_understanding_score": 0.3928001277139208,
      "sui": 0.8173399019014745,
      "sui_components": {
        "f2": 0.9298245614035089,
        "target_detection": 0.5862068965517241,
        "finding_precision": 0.6851851851851852,
        "avg_reasoning": 0.9779411764705883,
        "calibration": 0.9106896551724138
      },
      "lucky_guess_indicator": 0.3275862068965518
    },
    "by_prompt_type": {
      "direct": {
        "total_samples": 58,
        "vulnerable_samples": 58,
        "safe_samples": 0,
        "detection": {
          "accuracy": 0.9137931034482759,
          "precision": 1.0,
          "recall": 0.9137931034482759,
          "f1": 0.9549549549549551,
          "f2": 0.9298245614035089,
          "fpr": 0,
          "fnr": 0.08620689655172414,
          "tp": 53,
          "tn": 0,
          "fp": 0,
          "fn": 5
        },
        "target_finding": {
          "target_detection_rate": 0.5862068965517241,
          "lucky_guess_rate": 0.3584905660377358,
          "bonus_discovery_rate": 0.7068965517241379,
          "target_found_count": 34,
          "lucky_guess_count": 19
        },
        "finding_quality": {
          "finding_precision": 0.6851851851851852,
          "invalid_rate": 0.3148148148148148,
          "hallucination_rate": 0.006172839506172839,
          "over_flagging_score": 0.8793103448275862,
          "avg_findings_per_sample": 2.793103448275862,
          "total_findings": 162,
          "valid_findings": 111,
          "invalid_findings": 51,
          "hallucinated_findings": 1
        },
        "reasoning_quality": {
          "mean_rcir": 0.9779411764705882,
          "mean_ava": 0.9926470588235294,
          "mean_fsv": 0.9632352941176471,
          "std_rcir": 0.07090919677200702,
          "std_ava": 0.04223943122454432,
          "std_fsv": 0.10731264352445899,
          "n_samples_with_reasoning": 34
        },
        "type_accuracy": {
          "exact_match_rate": 0.7058823529411765,
          "semantic_match_rate": 1.0,
          "partial_match_rate": 0.0,
          "n_samples": 34
        },
        "calibration": {
          "ece": 0.08931034482758618,
          "mce": 0.24153846153846137,
          "overconfidence_rate": 0.08620689655172409,
          "underconfidence_rate": 0.0,
          "brier_score": 0.06491724137931033,
          "n_samples": 58
        },
        "composite": {
          "true_understanding_score": 0.3928001277139208,
          "sui": 0.8173399019014745,
          "sui_components": {
            "f2": 0.9298245614035089,
            "target_detection": 0.5862068965517241,
            "finding_precision": 0.6851851851851852,
            "avg_reasoning": 0.9779411764705883,
            "calibration": 0.9106896551724138
          },
          "lucky_guess_indicator": 0.3275862068965518
        }
      }
    }
  }
}