{
  "snapshot_timestamp": "2025-12-18T15:53:56.809798",
  "sample_count": 53,
  "metrics": {
    "total_samples": 53,
    "vulnerable_samples": 53,
    "safe_samples": 0,
    "detection": {
      "accuracy": 0.9056603773584906,
      "precision": 1.0,
      "recall": 0.9056603773584906,
      "f1": 0.9504950495049505,
      "f2": 0.9230769230769231,
      "fpr": 0,
      "fnr": 0.09433962264150944,
      "tp": 48,
      "tn": 0,
      "fp": 0,
      "fn": 5
    },
    "target_finding": {
      "target_detection_rate": 0.5849056603773585,
      "lucky_guess_rate": 0.3541666666666667,
      "bonus_discovery_rate": 0.6792452830188679,
      "target_found_count": 31,
      "lucky_guess_count": 17
    },
    "finding_quality": {
      "finding_precision": 0.6644295302013423,
      "invalid_rate": 0.33557046979865773,
      "hallucination_rate": 0.006711409395973154,
      "over_flagging_score": 0.9433962264150944,
      "avg_findings_per_sample": 2.811320754716981,
      "total_findings": 149,
      "valid_findings": 99,
      "invalid_findings": 50,
      "hallucinated_findings": 1
    },
    "reasoning_quality": {
      "mean_rcir": 0.9758064516129032,
      "mean_ava": 0.9919354838709677,
      "mean_fsv": 0.9596774193548387,
      "std_rcir": 0.07391251120896516,
      "std_ava": 0.04417117399235212,
      "std_fsv": 0.11174521339154046,
      "n_samples_with_reasoning": 31
    },
    "type_accuracy": {
      "exact_match_rate": 0.7741935483870968,
      "semantic_match_rate": 1.0,
      "partial_match_rate": 0.0,
      "n_samples": 31
    },
    "calibration": {
      "ece": 0.09415094339622644,
      "mce": 0.2415384615384616,
      "overconfidence_rate": 0.09433962264150941,
      "underconfidence_rate": 0.0,
      "brier_score": 0.07088490566037736,
      "n_samples": 53
    },
    "composite": {
      "true_understanding_score": 0.3792262884639737,
      "sui": 0.811196593957375,
      "sui_components": {
        "f2": 0.9230769230769231,
        "target_detection": 0.5849056603773585,
        "finding_precision": 0.6644295302013423,
        "avg_reasoning": 0.9758064516129034,
        "calibration": 0.9058490566037736
      },
      "lucky_guess_indicator": 0.3207547169811321
    },
    "by_prompt_type": {
      "direct": {
        "total_samples": 53,
        "vulnerable_samples": 53,
        "safe_samples": 0,
        "detection": {
          "accuracy": 0.9056603773584906,
          "precision": 1.0,
          "recall": 0.9056603773584906,
          "f1": 0.9504950495049505,
          "f2": 0.9230769230769231,
          "fpr": 0,
          "fnr": 0.09433962264150944,
          "tp": 48,
          "tn": 0,
          "fp": 0,
          "fn": 5
        },
        "target_finding": {
          "target_detection_rate": 0.5849056603773585,
          "lucky_guess_rate": 0.3541666666666667,
          "bonus_discovery_rate": 0.6792452830188679,
          "target_found_count": 31,
          "lucky_guess_count": 17
        },
        "finding_quality": {
          "finding_precision": 0.6644295302013423,
          "invalid_rate": 0.33557046979865773,
          "hallucination_rate": 0.006711409395973154,
          "over_flagging_score": 0.9433962264150944,
          "avg_findings_per_sample": 2.811320754716981,
          "total_findings": 149,
          "valid_findings": 99,
          "invalid_findings": 50,
          "hallucinated_findings": 1
        },
        "reasoning_quality": {
          "mean_rcir": 0.9758064516129032,
          "mean_ava": 0.9919354838709677,
          "mean_fsv": 0.9596774193548387,
          "std_rcir": 0.07391251120896516,
          "std_ava": 0.04417117399235212,
          "std_fsv": 0.11174521339154046,
          "n_samples_with_reasoning": 31
        },
        "type_accuracy": {
          "exact_match_rate": 0.7741935483870968,
          "semantic_match_rate": 1.0,
          "partial_match_rate": 0.0,
          "n_samples": 31
        },
        "calibration": {
          "ece": 0.09415094339622644,
          "mce": 0.2415384615384616,
          "overconfidence_rate": 0.09433962264150941,
          "underconfidence_rate": 0.0,
          "brier_score": 0.07088490566037736,
          "n_samples": 53
        },
        "composite": {
          "true_understanding_score": 0.3792262884639737,
          "sui": 0.811196593957375,
          "sui_components": {
            "f2": 0.9230769230769231,
            "target_detection": 0.5849056603773585,
            "finding_precision": 0.6644295302013423,
            "avg_reasoning": 0.9758064516129034,
            "calibration": 0.9058490566037736
          },
          "lucky_guess_indicator": 0.3207547169811321
        }
      }
    }
  }
}