{
  "total_samples": 58,
  "vulnerable_samples": 58,
  "safe_samples": 0,
  "detection": {
    "accuracy": 0.8275862068965517,
    "precision": 1.0,
    "recall": 0.8275862068965517,
    "f1": 0.9056603773584906,
    "f2": 0.8571428571428572,
    "fpr": 0,
    "fnr": 0.1724137931034483,
    "tp": 48,
    "tn": 0,
    "fp": 0,
    "fn": 10
  },
  "target_finding": {
    "target_detection_rate": 0.5689655172413793,
    "lucky_guess_rate": 0.3125,
    "bonus_discovery_rate": 0.6206896551724138,
    "target_found_count": 33,
    "lucky_guess_count": 15
  },
  "finding_quality": {
    "finding_precision": 0.8627450980392157,
    "invalid_rate": 0.13725490196078433,
    "hallucination_rate": 0.029411764705882353,
    "over_flagging_score": 0.2413793103448276,
    "avg_findings_per_sample": 1.7586206896551724,
    "total_findings": 102,
    "valid_findings": 88,
    "invalid_findings": 14,
    "hallucinated_findings": 3
  },
  "reasoning_quality": {
    "mean_rcir": 1.0,
    "mean_ava": 1.0,
    "mean_fsv": 1.0,
    "std_rcir": 0.0,
    "std_ava": 0.0,
    "std_fsv": 0.0,
    "n_samples_with_reasoning": 33
  },
  "type_accuracy": {
    "exact_match_rate": 0.7272727272727273,
    "semantic_match_rate": 0.9696969696969697,
    "partial_match_rate": 0.030303030303030304,
    "n_samples": 33
  },
  "calibration": {
    "ece": 0.08310344827586215,
    "mce": 0.62,
    "overconfidence_rate": 0.06818181818181823,
    "underconfidence_rate": 0.0,
    "brier_score": 0.12051379310344827,
    "n_samples": 58
  },
  "composite": {
    "true_understanding_score": 0.4908722109533469,
    "sui": 0.8276285134743553,
    "sui_components": {
      "f2": 0.8571428571428572,
      "target_detection": 0.5689655172413793,
      "finding_precision": 0.8627450980392157,
      "avg_reasoning": 1.0,
      "calibration": 0.9168965517241379
    },
    "lucky_guess_indicator": 0.2586206896551724
  },
  "by_prompt_type": {
    "direct": {
      "total_samples": 58,
      "vulnerable_samples": 58,
      "safe_samples": 0,
      "detection": {
        "accuracy": 0.8275862068965517,
        "precision": 1.0,
        "recall": 0.8275862068965517,
        "f1": 0.9056603773584906,
        "f2": 0.8571428571428572,
        "fpr": 0,
        "fnr": 0.1724137931034483,
        "tp": 48,
        "tn": 0,
        "fp": 0,
        "fn": 10
      },
      "target_finding": {
        "target_detection_rate": 0.5689655172413793,
        "lucky_guess_rate": 0.3125,
        "bonus_discovery_rate": 0.6206896551724138,
        "target_found_count": 33,
        "lucky_guess_count": 15
      },
      "finding_quality": {
        "finding_precision": 0.8627450980392157,
        "invalid_rate": 0.13725490196078433,
        "hallucination_rate": 0.029411764705882353,
        "over_flagging_score": 0.2413793103448276,
        "avg_findings_per_sample": 1.7586206896551724,
        "total_findings": 102,
        "valid_findings": 88,
        "invalid_findings": 14,
        "hallucinated_findings": 3
      },
      "reasoning_quality": {
        "mean_rcir": 1.0,
        "mean_ava": 1.0,
        "mean_fsv": 1.0,
        "std_rcir": 0.0,
        "std_ava": 0.0,
        "std_fsv": 0.0,
        "n_samples_with_reasoning": 33
      },
      "type_accuracy": {
        "exact_match_rate": 0.7272727272727273,
        "semantic_match_rate": 0.9696969696969697,
        "partial_match_rate": 0.030303030303030304,
        "n_samples": 33
      },
      "calibration": {
        "ece": 0.08310344827586215,
        "mce": 0.62,
        "overconfidence_rate": 0.06818181818181823,
        "underconfidence_rate": 0.0,
        "brier_score": 0.12051379310344827,
        "n_samples": 58
      },
      "composite": {
        "true_understanding_score": 0.4908722109533469,
        "sui": 0.8276285134743553,
        "sui_components": {
          "f2": 0.8571428571428572,
          "target_detection": 0.5689655172413793,
          "finding_precision": 0.8627450980392157,
          "avg_reasoning": 1.0,
          "calibration": 0.9168965517241379
        },
        "lucky_guess_indicator": 0.2586206896551724
      }
    }
  }
}