{
  "dataset": "gs",
  "subset": "context_protocol_cot_naturalistic",
  "judge": "mimo-v2-flash",
  "generated_at": "2026-01-06T00:30:48.547933+00:00",
  "total_models": 7,
  "model_rankings": [
    {
      "samples": 34,
      "target_found_count": 10,
      "target_detection_rate": 0.29411764705882354,
      "precision": 0.5826086956521739,
      "f1_score": 0.3908984830805134,
      "miss_rate": 0.7058823529411764,
      "samples_with_bonus": 20,
      "ancillary_discovery_rate": 0.5882352941176471,
      "verdict_correct_count": 33,
      "verdict_accuracy": 0.9705882352941176,
      "total_findings": 161,
      "avg_findings_per_sample": 4.735294117647059,
      "true_positives": 67,
      "false_positives": 48,
      "invalid_finding_rate": 0.2981366459627329,
      "false_alarm_density": 1.411764705882353,
      "avg_rcir": 0.9800000000000001,
      "avg_ava": 0.9650000000000001,
      "avg_fsv": 0.95,
      "classification_counts": {
        "TARGET_MATCH": 10,
        "BONUS_VALID": 55,
        "MISCHARACTERIZED": 47,
        "SECURITY_THEATER": 2,
        "INFORMATIONAL": 40,
        "DESIGN_CHOICE": 2,
        "PARTIAL_MATCH": 2,
        "HALLUCINATED": 1,
        "OUT_OF_SCOPE": 2
      },
      "type_match_distribution": {
        "semantic": 10
      },
      "detector": "gpt-5.2",
      "rank": 1
    },
    {
      "samples": 34,
      "target_found_count": 9,
      "target_detection_rate": 0.2647058823529412,
      "precision": 0.5217391304347826,
      "f1_score": 0.35121951219512193,
      "miss_rate": 0.7352941176470589,
      "samples_with_bonus": 15,
      "ancillary_discovery_rate": 0.4411764705882353,
      "verdict_correct_count": 31,
      "verdict_accuracy": 0.9117647058823529,
      "total_findings": 85,
      "avg_findings_per_sample": 2.5,
      "true_positives": 36,
      "false_positives": 33,
      "invalid_finding_rate": 0.38823529411764707,
      "false_alarm_density": 0.9705882352941176,
      "avg_rcir": 0.9777777777777779,
      "avg_ava": 0.9833333333333333,
      "avg_fsv": 0.9500000000000001,
      "classification_counts": {
        "BONUS_VALID": 26,
        "INFORMATIONAL": 15,
        "MISCHARACTERIZED": 33,
        "TARGET_MATCH": 9,
        "SECURITY_THEATER": 1,
        "PARTIAL_MATCH": 1
      },
      "type_match_distribution": {
        "semantic": 9
      },
      "detector": "gemini-3-pro",
      "rank": 2
    },
    {
      "samples": 34,
      "target_found_count": 8,
      "target_detection_rate": 0.23529411764705882,
      "precision": 0.375,
      "f1_score": 0.28915662650602403,
      "miss_rate": 0.7647058823529411,
      "samples_with_bonus": 11,
      "ancillary_discovery_rate": 0.3235294117647059,
      "verdict_correct_count": 27,
      "verdict_accuracy": 0.7941176470588235,
      "total_findings": 112,
      "avg_findings_per_sample": 3.2941176470588234,
      "true_positives": 27,
      "false_positives": 45,
      "invalid_finding_rate": 0.4017857142857143,
      "false_alarm_density": 1.3235294117647058,
      "avg_rcir": 0.9625,
      "avg_ava": 0.925,
      "avg_fsv": 0.9125,
      "classification_counts": {
        "BONUS_VALID": 17,
        "INFORMATIONAL": 35,
        "MISCHARACTERIZED": 40,
        "TARGET_MATCH": 8,
        "SECURITY_THEATER": 4,
        "HALLUCINATED": 2,
        "PARTIAL_MATCH": 2,
        "INVALID": 3,
        "DESIGN_CHOICE": 1
      },
      "type_match_distribution": {
        "semantic": 7,
        "wrong": 1
      },
      "detector": "claude-opus-4-5",
      "rank": 3
    },
    {
      "samples": 34,
      "target_found_count": 7,
      "target_detection_rate": 0.20588235294117646,
      "precision": 0.12222222222222222,
      "f1_score": 0.1533864541832669,
      "miss_rate": 0.7941176470588236,
      "samples_with_bonus": 2,
      "ancillary_discovery_rate": 0.058823529411764705,
      "verdict_correct_count": 32,
      "verdict_accuracy": 0.9411764705882353,
      "total_findings": 155,
      "avg_findings_per_sample": 4.5588235294117645,
      "true_positives": 11,
      "false_positives": 79,
      "invalid_finding_rate": 0.5096774193548387,
      "false_alarm_density": 2.323529411764706,
      "avg_rcir": 0.8285714285714285,
      "avg_ava": 0.7785714285714286,
      "avg_fsv": 0.7999999999999999,
      "classification_counts": {
        "INFORMATIONAL": 53,
        "DESIGN_CHOICE": 6,
        "MISCHARACTERIZED": 79,
        "BONUS_VALID": 3,
        "PARTIAL_MATCH": 2,
        "TARGET_MATCH": 6,
        "SECURITY_THEATER": 6
      },
      "type_match_distribution": {
        "partial": 1,
        "semantic": 5,
        "exact": 1
      },
      "detector": "deepseek-v3-2",
      "rank": 4
    },
    {
      "samples": 34,
      "target_found_count": 7,
      "target_detection_rate": 0.20588235294117646,
      "precision": 0.07920792079207921,
      "f1_score": 0.11440245148110315,
      "miss_rate": 0.7941176470588236,
      "samples_with_bonus": 1,
      "ancillary_discovery_rate": 0.029411764705882353,
      "verdict_correct_count": 34,
      "verdict_accuracy": 1.0,
      "total_findings": 142,
      "avg_findings_per_sample": 4.176470588235294,
      "true_positives": 8,
      "false_positives": 93,
      "invalid_finding_rate": 0.6549295774647887,
      "false_alarm_density": 2.735294117647059,
      "avg_rcir": 0.8857142857142858,
      "avg_ava": 0.8214285714285714,
      "avg_fsv": 0.8214285714285714,
      "classification_counts": {
        "MISCHARACTERIZED": 90,
        "INFORMATIONAL": 31,
        "TARGET_MATCH": 6,
        "HALLUCINATED": 3,
        "SECURITY_THEATER": 6,
        "DESIGN_CHOICE": 3,
        "OUT_OF_SCOPE": 1,
        "BONUS_VALID": 1,
        "PARTIAL_MATCH": 1
      },
      "type_match_distribution": {
        "semantic": 6,
        "partial": 1
      },
      "detector": "qwen3-coder-plus",
      "rank": 5
    },
    {
      "samples": 34,
      "target_found_count": 4,
      "target_detection_rate": 0.11764705882352941,
      "precision": 0.29310344827586204,
      "f1_score": 0.16790123456790126,
      "miss_rate": 0.8823529411764706,
      "samples_with_bonus": 7,
      "ancillary_discovery_rate": 0.20588235294117646,
      "verdict_correct_count": 19,
      "verdict_accuracy": 0.5588235294117647,
      "total_findings": 99,
      "avg_findings_per_sample": 2.911764705882353,
      "true_positives": 17,
      "false_positives": 41,
      "invalid_finding_rate": 0.41414141414141414,
      "false_alarm_density": 1.2058823529411764,
      "avg_rcir": 0.85,
      "avg_ava": 0.7,
      "avg_fsv": 0.8,
      "classification_counts": {
        "TARGET_MATCH": 3,
        "BONUS_VALID": 13,
        "MISCHARACTERIZED": 40,
        "INFORMATIONAL": 38,
        "PARTIAL_MATCH": 1,
        "HALLUCINATED": 1,
        "SECURITY_THEATER": 2,
        "OUT_OF_SCOPE": 1
      },
      "type_match_distribution": {
        "semantic": 3,
        "partial": 1
      },
      "detector": "grok-4-fast",
      "rank": 6
    },
    {
      "samples": 34,
      "target_found_count": 2,
      "target_detection_rate": 0.058823529411764705,
      "precision": 0.12,
      "f1_score": 0.07894736842105263,
      "miss_rate": 0.9411764705882353,
      "samples_with_bonus": 0,
      "ancillary_discovery_rate": 0.0,
      "verdict_correct_count": 13,
      "verdict_accuracy": 0.38235294117647056,
      "total_findings": 65,
      "avg_findings_per_sample": 1.911764705882353,
      "true_positives": 3,
      "false_positives": 22,
      "invalid_finding_rate": 0.3384615384615385,
      "false_alarm_density": 0.6470588235294118,
      "avg_rcir": 0.8,
      "avg_ava": 0.75,
      "avg_fsv": 0.7,
      "classification_counts": {
        "INFORMATIONAL": 37,
        "SECURITY_THEATER": 1,
        "MISCHARACTERIZED": 21,
        "OUT_OF_SCOPE": 2,
        "HALLUCINATED": 1,
        "PARTIAL_MATCH": 1,
        "TARGET_MATCH": 2
      },
      "type_match_distribution": {
        "semantic": 2
      },
      "detector": "llama-4-maverick",