{
  "dataset": "gs",
  "subset": "context_protocol",
  "judge": "mimo-v2-flash",
  "generated_at": "2026-01-06T00:30:48.388079+00:00",
  "total_models": 7,
  "model_rankings": [
    {
      "samples": 34,
      "target_found_count": 9,
      "target_detection_rate": 0.2647058823529412,
      "precision": 0.410958904109589,
      "f1_score": 0.32200357781753125,
      "miss_rate": 0.7352941176470589,
      "samples_with_bonus": 12,
      "ancillary_discovery_rate": 0.35294117647058826,
      "verdict_correct_count": 30,
      "verdict_accuracy": 0.8823529411764706,
      "total_findings": 81,
      "avg_findings_per_sample": 2.3823529411764706,
      "true_positives": 30,
      "false_positives": 43,
      "invalid_finding_rate": 0.5308641975308642,
      "false_alarm_density": 1.2647058823529411,
      "avg_rcir": 0.9444444444444444,
      "avg_ava": 0.9666666666666666,
      "avg_fsv": 0.8777777777777778,
      "classification_counts": {
        "TARGET_MATCH": 10,
        "BONUS_VALID": 18,
        "MISCHARACTERIZED": 42,
        "INFORMATIONAL": 5,
        "PARTIAL_MATCH": 2,
        "DESIGN_CHOICE": 1,
        "HALLUCINATED": 1,
        "SECURITY_THEATER": 2
      },
      "type_match_distribution": {
        "semantic": 8,
        "partial": 1
      },
      "detector": "claude-opus-4-5",
      "rank": 1
    },
    {
      "samples": 34,
      "target_found_count": 9,
      "target_detection_rate": 0.2647058823529412,
      "precision": 0.55,
      "f1_score": 0.3574007220216607,
      "miss_rate": 0.7352941176470589,
      "samples_with_bonus": 8,
      "ancillary_discovery_rate": 0.23529411764705882,
      "verdict_correct_count": 23,
      "verdict_accuracy": 0.6764705882352942,
      "total_findings": 41,
      "avg_findings_per_sample": 1.2058823529411764,
      "true_positives": 22,
      "false_positives": 18,
      "invalid_finding_rate": 0.43902439024390244,
      "false_alarm_density": 0.5294117647058824,
      "avg_rcir": 1.0,
      "avg_ava": 1.0,
      "avg_fsv": 0.8777777777777778,
      "classification_counts": {
        "BONUS_VALID": 12,
        "MISCHARACTERIZED": 18,
        "PARTIAL_MATCH": 1,
        "TARGET_MATCH": 9,
        "INFORMATIONAL": 1
      },
      "type_match_distribution": {
        "semantic": 8,
        "exact": 1
      },
      "detector": "gemini-3-pro",
      "rank": 2
    },
    {
      "samples": 34,
      "target_found_count": 8,
      "target_detection_rate": 0.23529411764705882,
      "precision": 0.23529411764705882,
      "f1_score": 0.23529411764705882,
      "miss_rate": 0.7647058823529411,
      "samples_with_bonus": 3,
      "ancillary_discovery_rate": 0.08823529411764706,
      "verdict_correct_count": 31,
      "verdict_accuracy": 0.9117647058823529,
      "total_findings": 53,
      "avg_findings_per_sample": 1.5588235294117647,
      "true_positives": 12,
      "false_positives": 39,
      "invalid_finding_rate": 0.7358490566037735,
      "false_alarm_density": 1.1470588235294117,
      "avg_rcir": 0.6875,
      "avg_ava": 0.6875,
      "avg_fsv": 0.6875,
      "classification_counts": {
        "TARGET_MATCH": 4,
        "MISCHARACTERIZED": 37,
        "INFORMATIONAL": 2,
        "BONUS_VALID": 4,
        "PARTIAL_MATCH": 4,
        "HALLUCINATED": 2
      },
      "type_match_distribution": {
        "semantic": 4,
        "partial": 3,
        "wrong": 1
      },
      "detector": "deepseek-v3-2",
      "rank": 3
    },
    {
      "samples": 34,
      "target_found_count": 4,
      "target_detection_rate": 0.11764705882352941,
      "precision": 0.8333333333333334,
      "f1_score": 0.20618556701030927,
      "miss_rate": 0.8823529411764706,
      "samples_with_bonus": 10,
      "ancillary_discovery_rate": 0.29411764705882354,
      "verdict_correct_count": 21,
      "verdict_accuracy": 0.6176470588235294,
      "total_findings": 24,
      "avg_findings_per_sample": 0.7058823529411765,
      "true_positives": 20,
      "false_positives": 4,
      "invalid_finding_rate": 0.16666666666666666,
      "false_alarm_density": 0.11764705882352941,
      "avg_rcir": 1.0,
      "avg_ava": 1.0,
      "avg_fsv": 0.975,
      "classification_counts": {
        "TARGET_MATCH": 4,
        "MISCHARACTERIZED": 4,
        "BONUS_VALID": 12,
        "PARTIAL_MATCH": 4
      },
      "type_match_distribution": {
        "semantic": 4
      },
      "detector": "gpt-5.2",
      "rank": 4
    },
    {
      "samples": 34,
      "target_found_count": 4,
      "target_detection_rate": 0.11764705882352941,
      "precision": 0.3888888888888889,
      "f1_score": 0.18064516129032257,
      "miss_rate": 0.8823529411764706,
      "samples_with_bonus": 2,
      "ancillary_discovery_rate": 0.058823529411764705,
      "verdict_correct_count": 13,
      "verdict_accuracy": 0.38235294117647056,
      "total_findings": 18,
      "avg_findings_per_sample": 0.5294117647058824,
      "true_positives": 7,
      "false_positives": 11,
      "invalid_finding_rate": 0.6111111111111112,
      "false_alarm_density": 0.3235294117647059,
      "avg_rcir": 0.9375,
      "avg_ava": 0.9375,
      "avg_fsv": 0.9125,
      "classification_counts": {
        "TARGET_MATCH": 3,
        "MISCHARACTERIZED": 11,
        "PARTIAL_MATCH": 1,
        "BONUS_VALID": 3
      },
      "type_match_distribution": {
        "semantic": 3,
        "partial": 1
      },
      "detector": "grok-4-fast",
      "rank": 5
    },
    {
      "samples": 34,
      "target_found_count": 2,
      "target_detection_rate": 0.058823529411764705,
      "precision": 0.04,
      "f1_score": 0.04761904761904763,
      "miss_rate": 0.9411764705882353,
      "samples_with_bonus": 0,
      "ancillary_discovery_rate": 0.0,
      "verdict_correct_count": 31,
      "verdict_accuracy": 0.9117647058823529,
      "total_findings": 66,
      "avg_findings_per_sample": 1.9411764705882353,
      "true_positives": 2,
      "false_positives": 48,
      "invalid_finding_rate": 0.7272727272727273,
      "false_alarm_density": 1.411764705882353,
      "avg_rcir": 0.44999999999999996,
      "avg_ava": 0.55,
      "avg_fsv": 0.35,
      "classification_counts": {
        "MISCHARACTERIZED": 48,
        "INFORMATIONAL": 14,
        "SECURITY_THEATER": 2,
        "PARTIAL_MATCH": 2
      },
      "type_match_distribution": {
        "semantic": 2
      },
      "detector": "llama-4-maverick",
      "rank": 6
    },
    {
      "samples": 34,
      "target_found_count": 2,
      "target_detection_rate": 0.058823529411764705,
      "precision": 0.05555555555555555,
      "f1_score": 0.05714285714285714,
      "miss_rate": 0.9411764705882353,
      "samples_with_bonus": 0,
      "ancillary_discovery_rate": 0.0,
      "verdict_correct_count": 24,
      "verdict_accuracy": 0.7058823529411765,
      "total_findings": 39,
      "avg_findings_per_sample": 1.1470588235294117,
      "true_positives": 2,
      "false_positives": 34,
      "invalid_finding_rate": 0.8717948717948718,
      "false_alarm_density": 1.0,
      "avg_rcir": 0.65,
      "avg_ava": 0.7,
      "avg_fsv": 0.55,
      "classification_counts": {
        "MISCHARACTERIZED": 33,
        "TARGET_MATCH": 1,
        "INFORMATIONAL": 3,
        "HALLUCINATED": 1,
        "PARTIAL_MATCH": 1
      },
      "type_match_distribution": {
        "semantic": 2
      },
      "detector": "qwen3-coder-plus",
      "rank": 7
    }
  ]
}