{
  "dataset": "gs",
  "subset": "context_protocol_cot_adversarial",
  "judge": "mimo-v2-flash",
  "generated_at": "2026-01-06T00:30:48.489891+00:00",
  "total_models": 7,
  "model_rankings": [
    {
      "samples": 34,
      "target_found_count": 12,
      "target_detection_rate": 0.35294117647058826,
      "precision": 0.25892857142857145,
      "f1_score": 0.29871244635193134,
      "miss_rate": 0.6470588235294117,
      "samples_with_bonus": 9,
      "ancillary_discovery_rate": 0.2647058823529412,
      "verdict_correct_count": 34,
      "verdict_accuracy": 1.0,
      "total_findings": 143,
      "avg_findings_per_sample": 4.205882352941177,
      "true_positives": 29,
      "false_positives": 83,
      "invalid_finding_rate": 0.5804195804195804,
      "false_alarm_density": 2.4411764705882355,
      "avg_rcir": 0.9041666666666667,
      "avg_ava": 0.8875000000000001,
      "avg_fsv": 0.8416666666666667,
      "classification_counts": {
        "MISCHARACTERIZED": 79,
        "BONUS_VALID": 13,
        "INFORMATIONAL": 24,
        "TARGET_MATCH": 13,
        "PARTIAL_MATCH": 3,
        "DESIGN_CHOICE": 3,
        "SECURITY_THEATER": 4,
        "HALLUCINATED": 4
      },
      "type_match_distribution": {
        "semantic": 11,
        "partial": 1
      },
      "detector": "claude-opus-4-5",
      "rank": 1
    },
    {
      "samples": 34,
      "target_found_count": 12,
      "target_detection_rate": 0.35294117647058826,
      "precision": 0.6818181818181818,
      "f1_score": 0.46511627906976744,
      "miss_rate": 0.6470588235294117,
      "samples_with_bonus": 23,
      "ancillary_discovery_rate": 0.6764705882352942,
      "verdict_correct_count": 33,
      "verdict_accuracy": 0.9705882352941176,
      "total_findings": 69,
      "avg_findings_per_sample": 2.0294117647058822,
      "true_positives": 45,
      "false_positives": 21,
      "invalid_finding_rate": 0.30434782608695654,
      "false_alarm_density": 0.6176470588235294,
      "avg_rcir": 1.0,
      "avg_ava": 1.0,
      "avg_fsv": 0.9833333333333334,
      "classification_counts": {
        "MISCHARACTERIZED": 19,
        "BONUS_VALID": 33,
        "TARGET_MATCH": 12,
        "INFORMATIONAL": 3,
        "HALLUCINATED": 2
      },
      "type_match_distribution": {
        "semantic": 12
      },
      "detector": "gemini-3-pro",
      "rank": 2
    },
    {
      "samples": 34,
      "target_found_count": 11,
      "target_detection_rate": 0.3235294117647059,
      "precision": 0.7840909090909091,
      "f1_score": 0.4580567290283645,
      "miss_rate": 0.6764705882352942,
      "samples_with_bonus": 22,
      "ancillary_discovery_rate": 0.6470588235294118,
      "verdict_correct_count": 31,
      "verdict_accuracy": 0.9117647058823529,
      "total_findings": 91,
      "avg_findings_per_sample": 2.676470588235294,
      "true_positives": 69,
      "false_positives": 19,
      "invalid_finding_rate": 0.2087912087912088,
      "false_alarm_density": 0.5588235294117647,
      "avg_rcir": 0.9636363636363636,
      "avg_ava": 0.9545454545454546,
      "avg_fsv": 0.9090909090909091,
      "classification_counts": {
        "TARGET_MATCH": 12,
        "BONUS_VALID": 57,
        "MISCHARACTERIZED": 18,
        "INFORMATIONAL": 2,
        "HALLUCINATED": 1,
        "OUT_OF_SCOPE": 1
      },
      "type_match_distribution": {
        "semantic": 11
      },
      "detector": "gpt-5.2",
      "rank": 3
    },
    {
      "samples": 34,
      "target_found_count": 5,
      "target_detection_rate": 0.14705882352941177,
      "precision": 0.2247191011235955,
      "f1_score": 0.17777777777777778,
      "miss_rate": 0.8529411764705882,
      "samples_with_bonus": 8,
      "ancillary_discovery_rate": 0.23529411764705882,
      "verdict_correct_count": 34,
      "verdict_accuracy": 1.0,
      "total_findings": 125,
      "avg_findings_per_sample": 3.676470588235294,
      "true_positives": 20,
      "false_positives": 69,
      "invalid_finding_rate": 0.552,
      "false_alarm_density": 2.0294117647058822,
      "avg_rcir": 0.9,
      "avg_ava": 0.8400000000000001,
      "avg_fsv": 0.9400000000000001,
      "classification_counts": {
        "INFORMATIONAL": 24,
        "BONUS_VALID": 15,
        "MISCHARACTERIZED": 66,
        "TARGET_MATCH": 4,
        "SECURITY_THEATER": 7,
        "OUT_OF_SCOPE": 5,
        "PARTIAL_MATCH": 1,
        "HALLUCINATED": 3
      },
      "type_match_distribution": {
        "semantic": 5
      },
      "detector": "deepseek-v3-2",
      "rank": 4
    },
    {
      "samples": 34,
      "target_found_count": 4,
      "target_detection_rate": 0.11764705882352941,
      "precision": 0.4418604651162791,
      "f1_score": 0.18581907090464547,
      "miss_rate": 0.8823529411764706,
      "samples_with_bonus": 8,
      "ancillary_discovery_rate": 0.23529411764705882,
      "verdict_correct_count": 21,
      "verdict_accuracy": 0.6176470588235294,
      "total_findings": 47,
      "avg_findings_per_sample": 1.3823529411764706,
      "true_positives": 19,
      "false_positives": 24,
      "invalid_finding_rate": 0.5106382978723404,
      "false_alarm_density": 0.7058823529411765,
      "avg_rcir": 0.9625,
      "avg_ava": 0.95,
      "avg_fsv": 0.925,
      "classification_counts": {
        "BONUS_VALID": 15,
        "MISCHARACTERIZED": 23,
        "INFORMATIONAL": 4,
        "HALLUCINATED": 1,
        "TARGET_MATCH": 3,
        "PARTIAL_MATCH": 1
      },
      "type_match_distribution": {
        "semantic": 3,
        "partial": 1
      },
      "detector": "grok-4-fast",
      "rank": 5
    },
    {
      "samples": 34,
      "target_found_count": 4,
      "target_detection_rate": 0.11764705882352941,
      "precision": 0.060240963855421686,
      "f1_score": 0.0796812749003984,
      "miss_rate": 0.8823529411764706,
      "samples_with_bonus": 1,
      "ancillary_discovery_rate": 0.029411764705882353,
      "verdict_correct_count": 33,
      "verdict_accuracy": 0.9705882352941176,
      "total_findings": 92,
      "avg_findings_per_sample": 2.7058823529411766,
      "true_positives": 5,
      "false_positives": 78,
      "invalid_finding_rate": 0.8478260869565217,
      "false_alarm_density": 2.2941176470588234,
      "avg_rcir": 0.9,
      "avg_ava": 0.8125,
      "avg_fsv": 0.725,
      "classification_counts": {
        "MISCHARACTERIZED": 71,
        "INFORMATIONAL": 4,
        "SECURITY_THEATER": 3,
        "BONUS_VALID": 1,
        "PARTIAL_MATCH": 2,
        "TARGET_MATCH": 2,
        "HALLUCINATED": 7,
        "DESIGN_CHOICE": 2
      },
      "type_match_distribution": {
        "partial": 2,
        "semantic": 2
      },
      "detector": "qwen3-coder-plus",
      "rank": 6
    },
    {
      "samples": 34,
      "target_found_count": 1,
      "target_detection_rate": 0.029411764705882353,
      "precision": 0.02857142857142857,
      "f1_score": 0.02898550724637681,
      "miss_rate": 0.9705882352941176,
      "samples_with_bonus": 0,
      "ancillary_discovery_rate": 0.0,
      "verdict_correct_count": 28,
      "verdict_accuracy": 0.8235294117647058,
      "total_findings": 51,
      "avg_findings_per_sample": 1.5,
      "true_positives": 1,
      "false_positives": 34,
      "invalid_finding_rate": 0.6666666666666666,
      "false_alarm_density": 1.0,
      "avg_rcir": 0.8,
      "avg_ava": 0.6,
      "avg_fsv": 0.7,
      "classification_counts": {
        "MISCHARACTERIZED": 33,
        "DESIGN_CHOICE": 2,
        "INFORMATIONAL": 11,
        "SECURITY_THEATER": 3,
        "HALLUCINATED": 1,
        "TARGET_MATCH": 1
      },
      "type_match_distribution": {
        "semantic": 1
      },
      "detector": "llama-4-maverick",
      "rank": 7
    }
  ]
}