{
  "dataset": "gs",
  "subset": "context_protocol_cot",
  "judge": "mimo-v2-flash",
  "generated_at": "2026-01-06T00:30:48.433816+00:00",
  "total_models": 7,
  "model_rankings": [
    {
      "samples": 34,
      "target_found_count": 8,
      "target_detection_rate": 0.23529411764705882,
      "precision": 0.3384615384615385,
      "f1_score": 0.27760252365930604,
      "miss_rate": 0.7647058823529411,
      "samples_with_bonus": 9,
      "ancillary_discovery_rate": 0.2647058823529412,
      "verdict_correct_count": 28,
      "verdict_accuracy": 0.8235294117647058,
      "total_findings": 74,
      "avg_findings_per_sample": 2.176470588235294,
      "true_positives": 22,
      "false_positives": 43,
      "invalid_finding_rate": 0.581081081081081,
      "false_alarm_density": 1.2647058823529411,
      "avg_rcir": 0.98125,
      "avg_ava": 0.975,
      "avg_fsv": 0.95,
      "classification_counts": {
        "BONUS_VALID": 12,
        "MISCHARACTERIZED": 43,
        "TARGET_MATCH": 9,
        "INFORMATIONAL": 8,
        "PARTIAL_MATCH": 1,
        "SECURITY_THEATER": 1
      },
      "type_match_distribution": {
        "semantic": 7,
        "exact": 1
      },
      "detector": "claude-opus-4-5",
      "rank": 1
    },
    {
      "samples": 34,
      "target_found_count": 8,
      "target_detection_rate": 0.23529411764705882,
      "precision": 0.6304347826086957,
      "f1_score": 0.34268833087149186,
      "miss_rate": 0.7647058823529411,
      "samples_with_bonus": 13,
      "ancillary_discovery_rate": 0.38235294117647056,
      "verdict_correct_count": 26,
      "verdict_accuracy": 0.7647058823529411,
      "total_findings": 48,
      "avg_findings_per_sample": 1.411764705882353,
      "true_positives": 29,
      "false_positives": 17,
      "invalid_finding_rate": 0.3541666666666667,
      "false_alarm_density": 0.5,
      "avg_rcir": 0.9875,
      "avg_ava": 0.9875,
      "avg_fsv": 0.95,
      "classification_counts": {
        "BONUS_VALID": 21,
        "MISCHARACTERIZED": 17,
        "INFORMATIONAL": 2,
        "TARGET_MATCH": 8
      },
      "type_match_distribution": {
        "semantic": 7,
        "exact": 1
      },
      "detector": "gemini-3-pro",
      "rank": 2
    },
    {
      "samples": 34,
      "target_found_count": 8,
      "target_detection_rate": 0.23529411764705882,
      "precision": 0.7407407407407407,
      "f1_score": 0.3571428571428571,
      "miss_rate": 0.7647058823529411,
      "samples_with_bonus": 11,
      "ancillary_discovery_rate": 0.3235294117647059,
      "verdict_correct_count": 22,
      "verdict_accuracy": 0.6470588235294118,
      "total_findings": 27,
      "avg_findings_per_sample": 0.7941176470588235,
      "true_positives": 20,
      "false_positives": 7,
      "invalid_finding_rate": 0.25925925925925924,
      "false_alarm_density": 0.20588235294117646,
      "avg_rcir": 0.8875,
      "avg_ava": 0.83125,
      "avg_fsv": 0.85,
      "classification_counts": {
        "PARTIAL_MATCH": 3,
        "BONUS_VALID": 12,
        "TARGET_MATCH": 5,
        "MISCHARACTERIZED": 7
      },
      "type_match_distribution": {
        "partial": 2,
        "semantic": 5,
        "exact": 1
      },
      "detector": "gpt-5.2",
      "rank": 3
    },
    {
      "samples": 34,
      "target_found_count": 7,
      "target_detection_rate": 0.20588235294117646,
      "precision": 0.15384615384615385,
      "f1_score": 0.1761006289308176,
      "miss_rate": 0.7941176470588236,
      "samples_with_bonus": 0,
      "ancillary_discovery_rate": 0.0,
      "verdict_correct_count": 29,
      "verdict_accuracy": 0.8529411764705882,
      "total_findings": 52,
      "avg_findings_per_sample": 1.5294117647058822,
      "true_positives": 8,
      "false_positives": 44,
      "invalid_finding_rate": 0.8461538461538461,
      "false_alarm_density": 1.2941176470588236,
      "avg_rcir": 0.6571428571428571,
      "avg_ava": 0.6285714285714287,
      "avg_fsv": 0.6285714285714287,
      "classification_counts": {
        "MISCHARACTERIZED": 44,
        "PARTIAL_MATCH": 4,
        "TARGET_MATCH": 4
      },
      "type_match_distribution": {
        "partial": 2,
        "semantic": 4,
        "wrong": 1
      },
      "detector": "qwen3-coder-plus",
      "rank": 4
    },
    {
      "samples": 34,
      "target_found_count": 6,
      "target_detection_rate": 0.17647058823529413,
      "precision": 0.12727272727272726,
      "f1_score": 0.14788732394366197,
      "miss_rate": 0.8235294117647058,
      "samples_with_bonus": 0,
      "ancillary_discovery_rate": 0.0,
      "verdict_correct_count": 31,
      "verdict_accuracy": 0.9117647058823529,
      "total_findings": 66,
      "avg_findings_per_sample": 1.9411764705882353,
      "true_positives": 7,
      "false_positives": 48,
      "invalid_finding_rate": 0.7272727272727273,
      "false_alarm_density": 1.411764705882353,
      "avg_rcir": 0.7000000000000001,
      "avg_ava": 0.6833333333333332,
      "avg_fsv": 0.5666666666666667,
      "classification_counts": {
        "MISCHARACTERIZED": 43,
        "INFORMATIONAL": 9,
        "HALLUCINATED": 5,
        "DESIGN_CHOICE": 2,
        "TARGET_MATCH": 4,
        "PARTIAL_MATCH": 3
      },
      "type_match_distribution": {
        "semantic": 5,
        "wrong": 1
      },
      "detector": "llama-4-maverick",
      "rank": 5
    },
    {
      "samples": 34,
      "target_found_count": 4,
      "target_detection_rate": 0.11764705882352941,
      "precision": 0.14035087719298245,
      "f1_score": 0.12799999999999997,
      "miss_rate": 0.8823529411764706,
      "samples_with_bonus": 2,
      "ancillary_discovery_rate": 0.058823529411764705,
      "verdict_correct_count": 32,
      "verdict_accuracy": 0.9411764705882353,
      "total_findings": 60,
      "avg_findings_per_sample": 1.7647058823529411,
      "true_positives": 8,
      "false_positives": 49,
      "invalid_finding_rate": 0.8166666666666667,
      "false_alarm_density": 1.4411764705882353,
      "avg_rcir": 0.625,
      "avg_ava": 0.65,
      "avg_fsv": 0.7,
      "classification_counts": {
        "TARGET_MATCH": 1,
        "MISCHARACTERIZED": 47,
        "PARTIAL_MATCH": 5,
        "INFORMATIONAL": 2,
        "BONUS_VALID": 2,
        "SECURITY_THEATER": 1,
        "INVALID": 2
      },
      "type_match_distribution": {
        "semantic": 3,
        "partial": 1
      },
      "detector": "deepseek-v3-2",
      "rank": 6
    },
    {
      "samples": 34,
      "target_found_count": 3,
      "target_detection_rate": 0.08823529411764706,
      "precision": 0.42105263157894735,
      "f1_score": 0.1458966565349544,
      "miss_rate": 0.9117647058823529,
      "samples_with_bonus": 3,
      "ancillary_discovery_rate": 0.08823529411764706,
      "verdict_correct_count": 14,
      "verdict_accuracy": 0.4117647058823529,
      "total_findings": 19,
      "avg_findings_per_sample": 0.5588235294117647,
      "true_positives": 8,
      "false_positives": 11,
      "invalid_finding_rate": 0.5789473684210527,
      "false_alarm_density": 0.3235294117647059,
      "avg_rcir": 0.9333333333333332,
      "avg_ava": 0.9166666666666666,
      "avg_fsv": 0.9666666666666667,
      "classification_counts": {
        "MISCHARACTERIZED": 11,
        "BONUS_VALID": 4,
        "PARTIAL_MATCH": 2,
        "TARGET_MATCH": 2
      },
      "type_match_distribution": {
        "semantic": 2,
        "partial": 1
      },
      "detector": "grok-4-fast",
      "rank": 7
    }
  ]
}