{
  "dataset": "gs",
  "subset": "direct",
  "judge": "mimo-v2-flash",
  "generated_at": "2026-01-06T00:30:48.336602+00:00",
  "total_models": 7,
  "model_rankings": [
    {
      "samples": 34,
      "target_found_count": 9,
      "target_detection_rate": 0.2647058823529412,
      "precision": 0.5384615384615384,
      "f1_score": 0.3549295774647887,
      "miss_rate": 0.7352941176470589,
      "samples_with_bonus": 10,
      "ancillary_discovery_rate": 0.29411764705882354,
      "verdict_correct_count": 28,
      "verdict_accuracy": 0.8235294117647058,
      "total_findings": 39,
      "avg_findings_per_sample": 1.1470588235294117,
      "true_positives": 21,
      "false_positives": 18,
      "invalid_finding_rate": 0.46153846153846156,
      "false_alarm_density": 0.5294117647058824,
      "avg_rcir": 1.0,
      "avg_ava": 1.0,
      "avg_fsv": 0.9777777777777779,
      "classification_counts": {
        "MISCHARACTERIZED": 18,
        "BONUS_VALID": 12,
        "TARGET_MATCH": 9
      },
      "type_match_distribution": {
        "semantic": 9
      },
      "detector": "gemini-3-pro-hyper-extended",
      "rank": 1
    },
    {
      "samples": 34,
      "target_found_count": 4,
      "target_detection_rate": 0.11764705882352941,
      "precision": 0.2826086956521739,
      "f1_score": 0.16613418530351437,
      "miss_rate": 0.8823529411764706,
      "samples_with_bonus": 5,
      "ancillary_discovery_rate": 0.14705882352941177,
      "verdict_correct_count": 23,
      "verdict_accuracy": 0.6764705882352942,
      "total_findings": 56,
      "avg_findings_per_sample": 1.6470588235294117,
      "true_positives": 13,
      "false_positives": 33,
      "invalid_finding_rate": 0.5892857142857143,
      "false_alarm_density": 0.9705882352941176,
      "avg_rcir": 0.9,
      "avg_ava": 0.95,
      "avg_fsv": 0.85,
      "classification_counts": {
        "INFORMATIONAL": 9,
        "MISCHARACTERIZED": 33,
        "BONUS_VALID": 7,
        "TARGET_MATCH": 4,
        "SECURITY_THEATER": 1,
        "PARTIAL_MATCH": 2
      },
      "type_match_distribution": {
        "semantic": 4
      },
      "detector": "claude-opus-4-5",
      "rank": 2
    },
    {
      "samples": 34,
      "target_found_count": 3,
      "target_detection_rate": 0.08823529411764706,
      "precision": 0.5882352941176471,
      "f1_score": 0.1534526854219949,
      "miss_rate": 0.9117647058823529,
      "samples_with_bonus": 5,
      "ancillary_discovery_rate": 0.14705882352941177,
      "verdict_correct_count": 15,
      "verdict_accuracy": 0.4411764705882353,
      "total_findings": 17,
      "avg_findings_per_sample": 0.5,
      "true_positives": 10,
      "false_positives": 7,
      "invalid_finding_rate": 0.4117647058823529,
      "false_alarm_density": 0.20588235294117646,
      "avg_rcir": 0.9666666666666667,
      "avg_ava": 0.9500000000000001,
      "avg_fsv": 0.9333333333333332,
      "classification_counts": {
        "TARGET_MATCH": 2,
        "PARTIAL_MATCH": 2,
        "MISCHARACTERIZED": 7,
        "BONUS_VALID": 6
      },
      "type_match_distribution": {
        "semantic": 2,
        "partial": 1
      },
      "detector": "gpt-5.2",
      "rank": 3
    },
    {
      "samples": 34,
      "target_found_count": 2,
      "target_detection_rate": 0.058823529411764705,
      "precision": 0.05555555555555555,
      "f1_score": 0.05714285714285714,
      "miss_rate": 0.9411764705882353,
      "samples_with_bonus": 0,
      "ancillary_discovery_rate": 0.0,
      "verdict_correct_count": 26,
      "verdict_accuracy": 0.7647058823529411,
      "total_findings": 42,
      "avg_findings_per_sample": 1.2352941176470589,
      "true_positives": 2,
      "false_positives": 34,
      "invalid_finding_rate": 0.8095238095238095,
      "false_alarm_density": 1.0,
      "avg_rcir": 0.3,
      "avg_ava": 0.75,
      "avg_fsv": 0.5,
      "classification_counts": {
        "MISCHARACTERIZED": 34,
        "INFORMATIONAL": 3,
        "PARTIAL_MATCH": 2,
        "OUT_OF_SCOPE": 2,
        "SECURITY_THEATER": 1
      },
      "type_match_distribution": {
        "wrong": 1,
        "partial": 1
      },
      "detector": "deepseek-v3-2",
      "rank": 4
    },
    {
      "samples": 34,
      "target_found_count": 1,
      "target_detection_rate": 0.029411764705882353,
      "precision": 0.5,
      "f1_score": 0.05555555555555555,
      "miss_rate": 0.9705882352941176,
      "samples_with_bonus": 2,
      "ancillary_discovery_rate": 0.058823529411764705,
      "verdict_correct_count": 7,
      "verdict_accuracy": 0.20588235294117646,
      "total_findings": 8,
      "avg_findings_per_sample": 0.23529411764705882,
      "true_positives": 4,
      "false_positives": 4,
      "invalid_finding_rate": 0.5,
      "false_alarm_density": 0.11764705882352941,
      "avg_rcir": 1.0,
      "avg_ava": 1.0,
      "avg_fsv": 0.9,
      "classification_counts": {
        "BONUS_VALID": 3,
        "TARGET_MATCH": 1,
        "MISCHARACTERIZED": 4
      },
      "type_match_distribution": {
        "semantic": 1
      },
      "detector": "grok-4-fast",
      "rank": 5
    },
    {
      "samples": 34,
      "target_found_count": 1,
      "target_detection_rate": 0.029411764705882353,
      "precision": 0.047619047619047616,
      "f1_score": 0.036363636363636355,
      "miss_rate": 0.9705882352941176,
      "samples_with_bonus": 1,
      "ancillary_discovery_rate": 0.029411764705882353,
      "verdict_correct_count": 26,
      "verdict_accuracy": 0.7647058823529411,
      "total_findings": 47,
      "avg_findings_per_sample": 1.3823529411764706,
      "true_positives": 2,
      "false_positives": 40,
      "invalid_finding_rate": 0.851063829787234,
      "false_alarm_density": 1.1764705882352942,
      "avg_rcir": 0.3,
      "avg_ava": 0.4,
      "avg_fsv": 0.2,
      "classification_counts": {
        "MISCHARACTERIZED": 39,
        "INFORMATIONAL": 4,
        "HALLUCINATED": 1,
        "SECURITY_THEATER": 1,
        "PARTIAL_MATCH": 1,
        "BONUS_VALID": 1
      },
      "type_match_distribution": {
        "partial": 1
      },
      "detector": "llama-4-maverick",
      "rank": 6
    },
    {
      "samples": 34,
      "target_found_count": 0,
      "target_detection_rate": 0.0,
      "precision": 0.0,
      "f1_score": 0,
      "miss_rate": 1.0,
      "samples_with_bonus": 0,
      "ancillary_discovery_rate": 0.0,
      "verdict_correct_count": 17,
      "verdict_accuracy": 0.5,
      "total_findings": 24,
      "avg_findings_per_sample": 0.7058823529411765,
      "true_positives": 0,
      "false_positives": 21,
      "invalid_finding_rate": 0.875,
      "false_alarm_density": 0.6176470588235294,
      "avg_rcir": null,
      "avg_ava": null,
      "avg_fsv": null,
      "classification_counts": {
        "MISCHARACTERIZED": 21,
        "SECURITY_THEATER": 1,
        "INFORMATIONAL": 2
      },
      "type_match_distribution": {},
      "detector": "qwen3-coder-plus",
      "rank": 7
    }
  ]
}